AA,c_blocks,n_blocks,int_s_blocks,s_blocks
1,A,G,"['A', 'G']",A
2,A,G,"['A', 'G']",A
3,A,G,"['A', 'G']",A
4,A,G,"['A', 'G']",A
5,A,G,"['A', 'G']",A
6,A,G,"['A', 'G']",A
7,A,G,"['A', 'G']",A
8,A,G,"['A', 'G']",A
9,A,G,"['A', 'G']",A
10,A,G,"['A', 'G']",A
11,A,G,"['A', 'G']",A
12,A,G,"['A', 'G']",A
13,A,G,"['A', 'G']",A
14,A,G,"['A', 'G']",A
15,A,G,"['A', 'G']",A
16,A,G,"['A', 'G']",A
17,A,G,"['A', 'G']",A
18,A,G,"['A', 'G']",A
19,A,G,"['A', 'G']",A
20,A,G,"['A', 'G']",A
21,A,G,"['A', 'G']",A
22,A,G,"['A', 'G']",A
23,A,G,"['A', 'G']",A
24,A,G,"['A', 'G']",A
25,A,G,"['A', 'G']",A
26,A,G,"['A', 'G']",A
27,-,-,"['-', '-']",-
28,A,G,"['A', 'G']",A
29,A,G,"['A', 'G']",A
30,A,G,"['A', 'G']",A
31,A,G,"['A', 'G']",A
32,A,G,"['A', 'G']",A
33,A,G,"['A', 'G']",A
34,A,G,"['A', 'G']",A
35,-,-,"['-', '-']",-
36,B,B,"['B', 'B']",B
37,B,B,"['B', 'B']",B
38,B,B,"['B', 'B']",B
39,-,-,"['-', '-']",-
40,B,B,"['B', 'B']",B
41,B,B,"['B', 'B']",B
42,B,B,"['B', 'B']",B
43,-,-,"['-', '-']",-
44,B,B,"['B', 'B']",B
45,B,B,"['B', 'B']",B
46,B,B,"['B', 'B']",B
47,-,-,"['-', '-']",-
48,-,-,"['-', '-']",-
49,B,B,"['B', 'B']",B
50,C,B,"['C', 'B']",C
51,C,C,"['C', 'C']",D
52,C,B,"['C', 'B']",C
53,C,B,"['C', 'B']",C
54,C,B,"['C', 'B']",C
55,C,B,"['C', 'B']",C
56,C,B,"['C', 'B']",C
57,C,B,"['C', 'B']",C
58,-,-,"['-', '-']",-
59,C,B,"['C', 'B']",C
60,-,-,"['-', '-']",-
61,-,-,"['-', '-']",-
62,-,-,"['-', '-']",-
63,C,C,"['C', 'C']",D
64,C,C,"['C', 'C']",D
65,C,C,"['C', 'C']",D
66,C,C,"['C', 'C']",D
67,-,-,"['-', '-']",-
68,C,C,"['C', 'C']",D
69,C,C,"['C', 'C']",D
70,C,C,"['C', 'C']",D
71,-,-,"['-', '-']",-
72,-,-,"['-', '-']",-
73,-,-,"['-', '-']",-
74,-,-,"['-', '-']",-
75,C,C,"['C', 'C']",D
76,-,-,"['-', '-']",-
77,-,-,"['-', '-']",-
78,C,C,"['C', 'C']",D
79,C,C,"['C', 'C']",D
80,C,C,"['C', 'C']",D
81,-,-,"['-', '-']",-
82,C,C,"['C', 'C']",D
83,C,C,"['C', 'C']",D
84,C,C,"['C', 'C']",D
85,C,C,"['C', 'C']",D
86,C,C,"['C', 'C']",D
87,C,C,"['C', 'C']",D
88,-,-,"['-', '-']",-
89,C,C,"['C', 'C']",D
90,C,C,"['C', 'C']",D
91,C,C,"['C', 'C']",D
92,-,-,"['-', '-']",-
93,-,-,"['-', '-']",-
94,C,C,"['C', 'C']",D
95,D,G,"['D', 'G']",E
96,-,-,"['-', '-']",-
97,-,-,"['-', '-']",-
98,D,G,"['D', 'G']",E
99,D,G,"['D', 'G']",E
100,D,G,"['D', 'G']",E
101,D,G,"['D', 'G']",E
102,D,G,"['D', 'G']",E
103,D,I,"['D', 'I']",F
104,-,-,"['-', '-']",-
105,-,-,"['-', '-']",-
106,D,G,"['D', 'G']",E
107,D,G,"['D', 'G']",E
108,D,G,"['D', 'G']",E
109,D,H,"['D', 'H']",G
110,-,-,"['-', '-']",-
111,-,-,"['-', '-']",-
112,-,-,"['-', '-']",-
113,D,H,"['D', 'H']",G
114,-,-,"['-', '-']",-
115,-,-,"['-', '-']",-
116,-,-,"['-', '-']",-
117,-,-,"['-', '-']",-
118,E,C,"['E', 'C']",H
119,-,-,"['-', '-']",-
120,-,-,"['-', '-']",-
121,-,-,"['-', '-']",-
122,-,-,"['-', '-']",-
123,-,-,"['-', '-']",-
124,-,-,"['-', '-']",-
125,E,B,"['E', 'B']",I
126,-,-,"['-', '-']",-
127,-,-,"['-', '-']",-
128,-,-,"['-', '-']",-
129,E,E,"['E', 'E']",J
130,E,E,"['E', 'E']",J
131,-,-,"['-', '-']",-
132,-,-,"['-', '-']",-
133,E,D,"['E', 'D']",K
134,E,D,"['E', 'D']",K
135,E,D,"['E', 'D']",K
136,-,-,"['-', '-']",-
137,E,D,"['E', 'D']",K
138,-,-,"['-', '-']",-
139,-,-,"['-', '-']",-
140,-,-,"['-', '-']",-
141,-,-,"['-', '-']",-
142,E,J,"['E', 'J']",L
143,-,-,"['-', '-']",-
144,E,H,"['E', 'H']",M
145,-,-,"['-', '-']",-
146,-,-,"['-', '-']",-
147,F,H,"['F', 'H']",N
148,F,H,"['F', 'H']",N
149,-,-,"['-', '-']",-
150,F,H,"['F', 'H']",N
151,-,-,"['-', '-']",-
152,F,H,"['F', 'H']",N
153,F,H,"['F', 'H']",N
154,-,-,"['-', '-']",-
155,F,H,"['F', 'H']",N
156,F,H,"['F', 'H']",N
157,-,-,"['-', '-']",-
158,F,H,"['F', 'H']",N
159,-,-,"['-', '-']",-
160,F,I,"['F', 'I']",O
161,F,I,"['F', 'I']",O
162,F,I,"['F', 'I']",O
163,F,I,"['F', 'I']",O
164,F,I,"['F', 'I']",O
165,F,I,"['F', 'I']",O
166,F,I,"['F', 'I']",O
167,F,I,"['F', 'I']",O
168,F,I,"['F', 'I']",O
169,F,I,"['F', 'I']",O
170,F,I,"['F', 'I']",O
171,F,I,"['F', 'I']",O
172,F,I,"['F', 'I']",O
173,F,I,"['F', 'I']",O
174,F,I,"['F', 'I']",O
175,-,-,"['-', '-']",-
176,-,-,"['-', '-']",-
177,F,J,"['F', 'J']",P
178,F,J,"['F', 'J']",P
179,F,J,"['F', 'J']",P
180,F,J,"['F', 'J']",P
181,F,J,"['F', 'J']",P
182,F,J,"['F', 'J']",P
183,-,-,"['-', '-']",-
184,F,J,"['F', 'J']",P
185,F,J,"['F', 'J']",P
186,F,J,"['F', 'J']",P
187,-,-,"['-', '-']",-
188,F,J,"['F', 'J']",P
189,-,-,"['-', '-']",-
190,G,E,"['G', 'E']",Q
191,G,E,"['G', 'E']",Q
192,G,E,"['G', 'E']",Q
193,G,E,"['G', 'E']",Q
194,G,E,"['G', 'E']",Q
195,-,-,"['-', '-']",-
196,G,F,"['G', 'F']",R
197,-,-,"['-', '-']",-
198,G,F,"['G', 'F']",R
199,-,-,"['-', '-']",-
200,G,F,"['G', 'F']",R
201,G,F,"['G', 'F']",R
202,G,F,"['G', 'F']",R
203,-,-,"['-', '-']",-
204,G,F,"['G', 'F']",R
205,G,F,"['G', 'F']",R
206,-,-,"['-', '-']",-
207,G,F,"['G', 'F']",R
208,G,F,"['G', 'F']",R
209,G,F,"['G', 'F']",R
210,G,F,"['G', 'F']",R
211,G,F,"['G', 'F']",R
212,G,F,"['G', 'F']",R
213,-,-,"['-', '-']",-
214,-,-,"['-', '-']",-
215,H,F,"['H', 'F']",S
216,H,B,"['H', 'B']",T
217,H,B,"['H', 'B']",T
218,-,-,"['-', '-']",-
219,H,A,"['H', 'A']",U
220,-,-,"['-', '-']",-
221,H,A,"['H', 'A']",U
222,H,A,"['H', 'A']",U
223,H,A,"['H', 'A']",U
224,-,-,"['-', '-']",-
225,-,-,"['-', '-']",-
226,-,-,"['-', '-']",-
227,-,-,"['-', '-']",-
228,H,A,"['H', 'A']",U
229,H,A,"['H', 'A']",U
230,H,A,"['H', 'A']",U
231,-,-,"['-', '-']",-
232,-,-,"['-', '-']",-
233,I,B,"['I', 'B']",V
234,I,B,"['I', 'B']",V
235,I,B,"['I', 'B']",V
236,I,B,"['I', 'B']",V
237,I,B,"['I', 'B']",V
238,I,B,"['I', 'B']",V
239,-,-,"['-', '-']",-
240,-,-,"['-', '-']",-
241,I,B,"['I', 'B']",V
242,-,-,"['-', '-']",-
243,I,B,"['I', 'B']",V
244,-,-,"['-', '-']",-
245,I,B,"['I', 'B']",V
246,I,B,"['I', 'B']",V
247,I,B,"['I', 'B']",V
248,-,-,"['-', '-']",-
249,I,B,"['I', 'B']",V
250,I,B,"['I', 'B']",V
251,-,-,"['-', '-']",-
252,I,B,"['I', 'B']",V
253,I,B,"['I', 'B']",V
254,-,-,"['-', '-']",-
255,I,B,"['I', 'B']",V
256,-,-,"['-', '-']",-
257,I,F,"['I', 'F']",W
258,-,-,"['-', '-']",-
259,-,-,"['-', '-']",-
260,I,F,"['I', 'F']",W
261,I,F,"['I', 'F']",W
262,-,-,"['-', '-']",-
263,-,-,"['-', '-']",-
264,-,-,"['-', '-']",-
265,-,-,"['-', '-']",-
266,-,-,"['-', '-']",-
267,J,E,"['J', 'E']",X
268,J,E,"['J', 'E']",X
269,J,E,"['J', 'E']",X
270,-,-,"['-', '-']",-
271,-,-,"['-', '-']",-
272,-,-,"['-', '-']",-
273,-,-,"['-', '-']",-
274,J,E,"['J', 'E']",X
275,J,E,"['J', 'E']",X
276,J,E,"['J', 'E']",X
277,J,E,"['J', 'E']",X
278,J,E,"['J', 'E']",X
279,J,E,"['J', 'E']",X
280,J,E,"['J', 'E']",X
281,J,E,"['J', 'E']",X
282,-,-,"['-', '-']",-
283,J,E,"['J', 'E']",X
284,J,E,"['J', 'E']",X
285,J,E,"['J', 'E']",X
286,J,E,"['J', 'E']",X
287,-,-,"['-', '-']",-
288,J,E,"['J', 'E']",X
289,J,E,"['J', 'E']",X
290,J,E,"['J', 'E']",X
291,-,-,"['-', '-']",-
292,J,E,"['J', 'E']",X
293,J,E,"['J', 'E']",X
294,-,-,"['-', '-']",-
