,name,mKate_mean,mKate_std,GFP_mean,GFP_std,sum_ratio,sum_ratio_std,intensity_ratio,intensity_ratio_std,code,expression,sequence,log_mKate,log_gfp,c1c2_fraction,cschrimson_fraction,cheriff_fraction,bin_mKate,bin_mKate_2,bin_GFP,bin_sum_ratio,bin_intensity_ratio
0,cschrimson,1.51177186278,0.397677625619,1.90061102556,0.400263226535,1.1333987112,0.498490952066,1.03578874864,0.413958692771,1111111111,1,RMLFQTSYTLENNGSVICIPNNGQCFCLAWLKSNGTNAEKLAANILQWITFALSALCLMFYGYQTWKSTCGWEEIYVATIEMIKFIIEYFHEFDEPAVIYSSNGNKTVWLRYAEWLLTCPVILIHLSNLTGLANDYNKRTMGLLVSDIGTIVWGTTAALSKGYVRVIFFLMGLCYGIYTFFNAAKVYIEAYHTVPKGRCRQVVTGMAWLFFVSWGMFPILFILGPEGFGVLSVYGSTVGHTIIDLMSKNCWGLLGHYLRVLIHEHILIHGDIRKTTKLNIGGTEIEVETLVEDE,0.413282381968,0.642175426873,0.506802721088,1.0,0.486394557823,1,1,1,1.0,1.0
1,c1c2,1.21902185522,0.236274175144,0.596030898899,0.140903497432,0.39190464062,0.143243836063,0.370837015753,0.116700942497,2222222222,1,GFDELAKGAVVPEDHFVCGPA-DKCYCSAWLHSRGTPGEKIGAQVCQWIAFSIAIALLTFYGFSAWKATCGWEEVYVCCVEVLFVTLEIFKEFSSPATVYLSTGNHAYCLRYFEWLLSCPVILIRLSNLSGLKNDYSKRTMGLIVSCVGMIVFGMAAGLATDWLKWLLYIVSCIYGGYMYFQAAKCYVEANHSVPKGHCRMVVKLMAYAYFASWGSYPILWAVGPEGLLKLSPYANSIGHSICDIIAKEFWTFLAHHLRIKIHEHILIHGDIRKTTKMEIGGEEVEVEEFVEEE,0.198048779149,-0.51746276947,1.0,0.506802721088,0.452380952381,1,1,1,1.0,1.0
2,cheriff,0.283631929457,0.0739641106687,0.655161900901,0.245225497105,1.68388780792,1.36430938228,1.68072636475,0.55219434209,0000000000,1,EYHAPAGYQVNPPYHPVHGYE---EQCSSIYIYYGALWEQETARGFQWFAVFLSALFLAFYGWHAYKASVGWEEVYVCSVELIKVILEIYFEFTSPAMLFLYGGNITPWLRYAEWLLTCPVILIHLSNITGLSEAYNKRTMALLVSDLGTICMGVTAALATGWVKWLFYCIGLVYGTQTFYNAGIIYVESYYIMPAGGCKKLVLAMTAVYYSSWLMFPGLFIFGPEGMHTLSVAGSTIGHTIADLLSKNIWGLLGHFLRIKIHEHIIMYGDIRRPVSSQFLGRKVDVLAFVTEE,-1.26007790442,-0.422872896942,0.452380952381,0.486394557823,1.0,-1,-1,1,1.0,1.0
3,c1,0.6125881429,0.0744332096228,1.08963795592,0.127669088726,1.63339701414,0.487512215306,1.51589796711,0.305048407873,1000000000,1,RMLFQTSYTLENNGSVICIPNNGQCFCLAWLKSNGALWEQETARGFQWFAVFLSALFLAFYGWHAYKASVGWEEVYVCSVELIKVILEIYFEFTSPAMLFLYGGNITPWLRYAEWLLTCPVILIHLSNITGLSEAYNKRTMALLVSDLGTICMGVTAALATGWVKWLFYCIGLVYGTQTFYNAGIIYVESYYIMPAGGCKKLVLAMTAVYYSSWLMFPGLFIFGPEGMHTLSVAGSTIGHTIADLLSKNIWGLLGHFLRIKIHEHIIMYGDIRRPVSSQFLGRKVDVLAFVTEE,-0.490062440141,0.0858454905347,0.448979591837,0.595238095238,0.891156462585,1,-1,1,1.0,1.0
4,c2,1.3315648778,0.0,3.54205333154,0.0,3.27303529844,0.0,2.51795238019,0.0,1222222222,1,RMLFQTSYTLENNGSVICIPNNGQCFCLAWLKSNGTPGEKIGAQVCQWIAFSIAIALLTFYGFSAWKATCGWEEVYVCCVEVLFVTLEIFKEFSSPATVYLSTGNHAYCLRYFEWLLSCPVILIRLSNLSGLKNDYSKRTMGLIVSCVGMIVFGMAAGLATDWLKWLLYIVSCIYGGYMYFQAAKCYVEANHSVPKGHCRMVVKLMAYAYFASWGSYPILWAVGPEGLLKLSPYANSIGHSICDIIAKEFWTFLAHHLRIKIHEHILIHGDIRKTTKMEIGGEEVEVEEFVEEE,0.286354850432,1.26470659615,0.91156462585,0.595238095238,0.428571428571,1,1,1,1.0,1.0
5,c3,0.988142644386,0.0284567675592,0.399410935481,0.00119001093946,0.281750940148,0.0362847329301,0.340071115713,0.0518682344784,1011111111,1,RMLFQTSYTLENNGSVICIPNNGQCFCLAWLKSNGALWEQETARGFQWFTFALSALCLMFYGYQTWKSTCGWEEIYVATIEMIKFIIEYFHEFDEPAVIYSSNGNKTVWLRYAEWLLTCPVILIHLSNLTGLANDYNKRTMGLLVSDIGTIVWGTTAALSKGYVRVIFFLMGLCYGIYTFFNAAKVYIEAYHTVPKGRCRQVVTGMAWLFFVSWGMFPILFILGPEGFGVLSVYGSTVGHTIIDLMSKNCWGLLGHYLRVLIHEHILIHGDIRKTTKLNIGGTEIEVETLVEDE,-0.0119282147467,-0.917764478603,0.496598639456,0.965986394558,0.520408163265,1,1,1,1.0,1.0
6,c4,0.842157755321,0.166506754111,0.151654453328,0.0629496230229,0.026070818209,0.0125476631244,0.135226174629,0.0395455463481,1101111111,1,RMLFQTSYTLENNGSVICIPNNGQCFCLAWLKSNGTNAEKLAANILQWIAVFLSALFLAFYGWHAYKASVGWEEVYVCSVELIKVILEIYFEFTEPAVIYSSNGNKTVWLRYAEWLLTCPVILIHLSNLTGLANDYNKRTMGLLVSDIGTIVWGTTAALSKGYVRVIFFLMGLCYGIYTFFNAAKVYIEAYHTVPKGRCRQVVTGMAWLFFVSWGMFPILFILGPEGFGVLSVYGSTVGHTIIDLMSKNCWGLLGHYLRVLIHEHILIHGDIRKTTKLNIGGTEIEVETLVEDE,-0.171787924426,-1.88615067945,0.520408163265,0.921768707483,0.56462585034,1,1,-1,-1.0,-1.0
7,c5,0.846188037173,0.346088434652,0.466236085804,0.057046891278,0.421702736282,0.174593798126,0.56936695022,0.260953499153,1110111111,1,RMLFQTSYTLENNGSVICIPNNGQCFCLAWLKSNGTNAEKLAANILQWITFALSALCLMFYGYQTWKSTCGWEEIYVATIEMIKFIIEYFHEFDSPAMLFLYGGNITPWLRYAEWLLTCPVILIHLSNLTGLANDYNKRTMGLLVSDIGTIVWGTTAALSKGYVRVIFFLMGLCYGIYTFFNAAKVYIEAYHTVPKGRCRQVVTGMAWLFFVSWGMFPILFILGPEGFGVLSVYGSTVGHTIIDLMSKNCWGLLGHYLRVLIHEHILIHGDIRKTTKLNIGGTEIEVETLVEDE,-0.167013677911,-0.763063151249,0.506802721088,0.969387755102,0.517006802721,1,1,1,1.0,1.0
8,c6,0.823229862919,0.235757235637,1.04533851114,0.172110327406,1.39782852722,0.387799592919,1.11895759208,0.254685380364,1111011111,1,RMLFQTSYTLENNGSVICIPNNGQCFCLAWLKSNGTNAEKLAANILQWITFALSALCLMFYGYQTWKSTCGWEEIYVATIEMIKFIIEYFHEFDEPAVIYSSNGNKTVWLRYAEWLLTCPVILIHLSNITGLSEAYNKRTMALLVSDIGTIVWGTTAALSKGYVRVIFFLMGLCYGIYTFFNAAKVYIEAYHTVPKGRCRQVVTGMAWLFFVSWGMFPILFILGPEGFGVLSVYGSTVGHTIIDLMSKNCWGLLGHYLRVLIHEHILIHGDIRKTTKLNIGGTEIEVETLVEDE,-0.194519818494,0.0443407670667,0.493197278912,0.982993197279,0.503401360544,1,1,1,1.0,1.0
9,c7,1.09324891274,0.273663508135,1.31213990866,0.395806500699,1.38696503311,0.618080114092,1.14921439483,0.312635857679,1111101111,1,RMLFQTSYTLENNGSVICIPNNGQCFCLAWLKSNGTNAEKLAANILQWITFALSALCLMFYGYQTWKSTCGWEEIYVATIEMIKFIIEYFHEFDEPAVIYSSNGNKTVWLRYAEWLLTCPVILIHLSNLTGLANDYNKRTMGLLVSDLGTICMGVTAALATGWVKWLFYCIGLVYGTQTFYNAGIIYVEAYHTVPKGRCRQVVTGMAWLFFVSWGMFPILFILGPEGFGVLSVYGSTVGHTIIDLMSKNCWGLLGHYLRVLIHEHILIHGDIRKTTKLNIGGTEIEVETLVEDE,0.0891539167895,0.271659322535,0.517006802721,0.928571428571,0.557823129252,1,1,1,1.0,1.0
10,c8,0.750868171945,0.0,0.0579964887823,0.0,0.00427876447059,0.0,0.0621779446137,0.0,1111110111,1,RMLFQTSYTLENNGSVICIPNNGQCFCLAWLKSNGTNAEKLAANILQWITFALSALCLMFYGYQTWKSTCGWEEIYVATIEMIKFIIEYFHEFDEPAVIYSSNGNKTVWLRYAEWLLTCPVILIHLSNLTGLANDYNKRTMGLLVSDIGTIVWGTTAALSKGYVRVIFFLMGLCYGIYTFFNAAKVYIESYYIMPAGGCKKLVLAMTAVYYSSWGMFPILFILGPEGFGVLSVYGSTVGHTIIDLMSKNCWGLLGHYLRVLIHEHILIHGDIRKTTKLNIGGTEIEVETLVEDE,-0.286525179317,-2.8473728085,0.482993197279,0.942176870748,0.544217687075,1,1,-1,-1.0,-1.0
11,c11,1.14375912503,0.505365303943,0.365239657927,0.149298286842,0.252388818989,0.185896436508,0.313092216548,0.13343601622,1111111110,1,RMLFQTSYTLENNGSVICIPNNGQCFCLAWLKSNGTNAEKLAANILQWITFALSALCLMFYGYQTWKSTCGWEEIYVATIEMIKFIIEYFHEFDEPAVIYSSNGNKTVWLRYAEWLLTCPVILIHLSNLTGLANDYNKRTMGLLVSDIGTIVWGTTAALSKGYVRVIFFLMGLCYGIYTFFNAAKVYIEAYHTVPKGRCRQVVTGMAWLFFVSWGMFPILFILGPEGFGVLSVYGSTVGHTIIDLMSKNCWGLLGHYLRVLIHEHIIMYGDIRRPVSSQFLGRKVDVLAFVTEE,0.134320315744,-1.0072015438,0.472789115646,0.931972789116,0.554421768707,1,1,1,1.0,-1.0
12,c13,1.33646285986,0.0514445534386,0.114489493619,0.00811294053406,0.00528774440945,0.00091458986787,0.0505050737294,0.000879608211648,1121111111,1,RMLFQTSYTLENNGSVICIPNNGQCFCLAWLKSNGTNAEKLAANILQWIAFSIAIALLTFYGFSAWKATCGWEEVYVCCVEVLFVTLEIFKEFSEPAVIYSSNGNKTVWLRYAEWLLTCPVILIHLSNLTGLANDYNKRTMGLLVSDIGTIVWGTTAALSKGYVRVIFFLMGLCYGIYTFFNAAKVYIEAYHTVPKGRCRQVVTGMAWLFFVSWGMFPILFILGPEGFGVLSVYGSTVGHTIIDLMSKNCWGLLGHYLRVLIHEHILIHGDIRKTTKLNIGGTEIEVETLVEDE,0.290026467105,-2.16727221898,0.591836734694,0.914965986395,0.493197278912,1,1,-1,-1.0,-1.0
13,c14,1.26000357828,0.00659544162518,0.101267119696,0.032305600232,0.00503760802875,0.00287590483941,0.0644248784183,0.0189702354457,1112111111,1,RMLFQTSYTLENNGSVICIPNNGQCFCLAWLKSNGTNAEKLAANILQWITFALSALCLMFYGYQTWKSTCGWEEIYVATIEMIKFIIEYFHEFDSPATVYLSTGNHAYCLRYFEWLLTCPVILIHLSNLTGLANDYNKRTMGLLVSDIGTIVWGTTAALSKGYVRVIFFLMGLCYGIYTFFNAAKVYIEAYHTVPKGRCRQVVTGMAWLFFVSWGMFPILFILGPEGFGVLSVYGSTVGHTIIDLMSKNCWGLLGHYLRVLIHEHILIHGDIRKTTKLNIGGTEIEVETLVEDE,0.231114560864,-2.28999350387,0.540816326531,0.965986394558,0.482993197279,1,1,-1,-1.0,-1.0
14,c15,1.94546417695,0.0445643754058,0.0646549817402,0.00300741137811,0.00157898274944,0.000193364457633,0.0268281842795,0.00172342699227,1111211111,1,RMLFQTSYTLENNGSVICIPNNGQCFCLAWLKSNGTNAEKLAANILQWITFALSALCLMFYGYQTWKSTCGWEEIYVATIEMIKFIIEYFHEFDEPAVIYSSNGNKTVWLRYAEWLLSCPVILIRLSNLSGLKNDYSKRTMGLIVSDIGTIVWGTTAALSKGYVRVIFFLMGLCYGIYTFFNAAKVYIEAYHTVPKGRCRQVVTGMAWLFFVSWGMFPILFILGPEGFGVLSVYGSTVGHTIIDLMSKNCWGLLGHYLRVLIHEHILIHGDIRKTTKLNIGGTEIEVETLVEDE,0.665500599986,-2.73869011965,0.527210884354,0.979591836735,0.469387755102,1,1,-1,-1.0,-1.0
15,c16,1.78454153091,0.389900462382,0.572664912803,0.0290862501674,0.271855619621,0.100435550319,0.295277516887,0.071990673831,1111121111,1,RMLFQTSYTLENNGSVICIPNNGQCFCLAWLKSNGTNAEKLAANILQWITFALSALCLMFYGYQTWKSTCGWEEIYVATIEMIKFIIEYFHEFDEPAVIYSSNGNKTVWLRYAEWLLTCPVILIHLSNLTGLANDYNKRTMGLLVSCVGMIVFGMAAGLATDWLKWLLYIVSCIYGGYMYFQAAKCYVEAYHTVPKGRCRQVVTGMAWLFFVSWGMFPILFILGPEGFGVLSVYGSTVGHTIIDLMSKNCWGLLGHYLRVLIHEHILIHGDIRKTTKLNIGGTEIEVETLVEDE,0.579161536813,-0.557454527736,0.602040816327,0.904761904762,0.472789115646,1,1,1,1.0,-1.0
16,c19,1.18935565155,0.0226951849518,0.087156234306,0.0203395238951,0.00494676962651,0.00214841554509,0.0588306333968,0.0127217720633,1111111121,1,RMLFQTSYTLENNGSVICIPNNGQCFCLAWLKSNGTNAEKLAANILQWITFALSALCLMFYGYQTWKSTCGWEEIYVATIEMIKFIIEYFHEFDEPAVIYSSNGNKTVWLRYAEWLLTCPVILIHLSNLTGLANDYNKRTMGLLVSDIGTIVWGTTAALSKGYVRVIFFLMGLCYGIYTFFNAAKVYIEAYHTVPKGRCRQVVTGMAWLFFVSWGMFPILFILGPEGFGVLSPYANSIGHSICDIIAKEFWTFLAHHLRIKIHEHILIHGDIRKTTKLNIGGTEIEVETLVEDE,0.17341169119,-2.44005297422,0.568027210884,0.938775510204,0.459183673469,1,1,-1,-1.0,-1.0
17,c20,1.38898513073,0.121620341848,0.476655003582,0.00455393289679,0.268389938218,0.0397851001377,0.294465144279,0.037396620154,1111111112,1,RMLFQTSYTLENNGSVICIPNNGQCFCLAWLKSNGTNAEKLAANILQWITFALSALCLMFYGYQTWKSTCGWEEIYVATIEMIKFIIEYFHEFDEPAVIYSSNGNKTVWLRYAEWLLTCPVILIHLSNLTGLANDYNKRTMGLLVSDIGTIVWGTTAALSKGYVRVIFFLMGLCYGIYTFFNAAKVYIEAYHTVPKGRCRQVVTGMAWLFFVSWGMFPILFILGPEGFGVLSVYGSTVGHTIIDLMSKNCWGLLGHYLRVLIHEHILIHGDIRKTTKMEIGGEEVEVEEFVEEE,0.328573358697,-0.740962312705,0.530612244898,0.97619047619,0.496598639456,1,1,1,1.0,-1.0
18,c21,,,,,,,,,1112221221,-1,RMLFQTSYTLENNGSVICIPNNGQCFCLAWLKSNGTNAEKLAANILQWITFALSALCLMFYGYQTWKSTCGWEEIYVATIEMIKFIIEYFHEFDSPATVYLSTGNHAYCLRYFEWLLSCPVILIRLSNLSGLKNDYSKRTMGLIVSCVGMIVFGMAAGLATDWLKWLLYIVSCIYGGYMYFQAAKCYVEAYHTVPKGRCRQVVTGMAWLFFVSWGSYPILWAVGPEGLLKLSPYANSIGHSICDIIAKEFWTFLAHHLRIKIHEHILIHGDIRKTTKLNIGGTEIEVETLVEDE,,,0.744897959184,0.761904761905,0.41156462585,-1,-1,-1,,
19,c24,,,,,,,,,1011022210,-1,RMLFQTSYTLENNGSVICIPNNGQCFCLAWLKSNGALWEQETARGFQWFTFALSALCLMFYGYQTWKSTCGWEEIYVATIEMIKFIIEYFHEFDEPAVIYSSNGNKTVWLRYAEWLLTCPVILIHLSNITGLSEAYNKRTMALLVSCVGMIVFGMAAGLATDWLKWLLYIVSCIYGGYMYFQAAKCYVEANHSVPKGHCRMVVKLMAYAYFASWGSYPILWAVGPEGLLKLSVYGSTVGHTIIDLMSKNCWGLLGHYLRVLIHEHIIMYGDIRRPVSSQFLGRKVDVLAFVTEE,,,0.605442176871,0.724489795918,0.578231292517,-1,-1,-1,,
20,c25,,,,,,,,,1201120122,-1,RMLFQTSYTLENNGSVICIPNNGQCFCLAWLKSNGTPGEKIGAQVCQWIAVFLSALFLAFYGWHAYKASVGWEEVYVCSVELIKVILEIYFEFTEPAVIYSSNGNKTVWLRYAEWLLTCPVILIHLSNLTGLANDYNKRTMGLLVSCVGMIVFGMAAGLATDWLKWLLYIVSCIYGGYMYFQAAKCYVESYYIMPAGGCKKLVLAMTAVYYSSWGMFPILFILGPEGFGVLSPYANSIGHSICDIIAKEFWTFLAHHLRIKIHEHILIHGDIRKTTKMEIGGEEVEVEEFVEEE,,,0.700680272109,0.659863945578,0.591836734694,-1,-1,-1,,
21,c28,0.51822428161,0.0,0.627609405035,0.0,1.05194992405,0.0,1.12096834846,0.0,1222121000,1,RMLFQTSYTLENNGSVICIPNNGQCFCLAWLKSNGTPGEKIGAQVCQWIAFSIAIALLTFYGFSAWKATCGWEEVYVCCVEVLFVTLEIFKEFSSPATVYLSTGNHAYCLRYFEWLLTCPVILIHLSNLTGLANDYNKRTMGLLVSCVGMIVFGMAAGLATDWLKWLLYIVSCIYGGYMYFQAAKCYVEAYHTVPKGRCRQVVTGMAWLFFVSWLMFPGLFIFGPEGMHTLSVAGSTIGHTIADLLSKNIWGLLGHFLRIKIHEHIIMYGDIRRPVSSQFLGRKVDVLAFVTEE,-0.657347154349,-0.46583727252,0.710884353741,0.646258503401,0.591836734694,-1,-1,1,1.0,1.0
22,c29,0.352477048756,0.0,0.0370783051281,0.0,0.00157775760131,0.0,0.077961599669,0.0,1122100211,1,RMLFQTSYTLENNGSVICIPNNGQCFCLAWLKSNGTNAEKLAANILQWIAFSIAIALLTFYGFSAWKATCGWEEVYVCCVEVLFVTLEIFKEFSSPATVYLSTGNHAYCLRYFEWLLTCPVILIHLSNLTGLANDYNKRTMGLLVSDLGTICMGVTAALATGWVKWLFYCIGLVYGTQTFYNAGIIYVESYYIMPAGGCKKLVLAMTAVYYSSWGSYPILWAVGPEGLLKLSVYGSTVGHTIIDLMSKNCWGLLGHYLRVLIHEHILIHGDIRKTTKLNIGGTEIEVETLVEDE,-1.04276976876,-3.29472324785,0.639455782313,0.724489795918,0.605442176871,-1,-1,-1,-1.0,-1.0
23,c30,0.717374058149,0.0,0.0524578413945,0.0,0.00399891313155,0.0,0.0668221166505,0.0,1102011111,1,RMLFQTSYTLENNGSVICIPNNGQCFCLAWLKSNGTNAEKLAANILQWIAVFLSALFLAFYGWHAYKASVGWEEVYVCSVELIKVILEIYFEFTSPATVYLSTGNHAYCLRYFEWLLTCPVILIHLSNITGLSEAYNKRTMALLVSDIGTIVWGTTAALSKGYVRVIFFLMGLCYGIYTFFNAAKVYIEAYHTVPKGRCRQVVTGMAWLFFVSWGMFPILFILGPEGFGVLSVYGSTVGHTIIDLMSKNCWGLLGHYLRVLIHEHILIHGDIRKTTKLNIGGTEIEVETLVEDE,-0.332157875468,-2.94774545304,0.540816326531,0.87074829932,0.578231292517,1,1,-1,-1.0,-1.0
24,c31,,,,,,,,,1120022021,-1,RMLFQTSYTLENNGSVICIPNNGQCFCLAWLKSNGTNAEKLAANILQWIAFSIAIALLTFYGFSAWKATCGWEEVYVCCVEVLFVTLEIFKEFSSPAMLFLYGGNITPWLRYAEWLLTCPVILIHLSNITGLSEAYNKRTMALLVSCVGMIVFGMAAGLATDWLKWLLYIVSCIYGGYMYFQAAKCYVEANHSVPKGHCRMVVKLMAYAYFASWLMFPGLFIFGPEGMHTLSPYANSIGHSICDIIAKEFWTFLAHHLRIKIHEHILIHGDIRKTTKLNIGGTEIEVETLVEDE,,,0.761904761905,0.656462585034,0.520408163265,-1,-1,-1,,
25,c32,1.44142897394,0.0,0.184957905387,0.0,0.0546764268971,0.0,0.105562260064,0.0,1221001222,1,RMLFQTSYTLENNGSVICIPNNGQCFCLAWLKSNGTPGEKIGAQVCQWIAFSIAIALLTFYGFSAWKATCGWEEVYVCCVEVLFVTLEIFKEFSEPAVIYSSNGNKTVWLRYAEWLLTCPVILIHLSNITGLSEAYNKRTMALLVSDLGTICMGVTAALATGWVKWLFYCIGLVYGTQTFYNAGIIYVEAYHTVPKGRCRQVVTGMAWLFFVSWGSYPILWAVGPEGLLKLSPYANSIGHSICDIIAKEFWTFLAHHLRIKIHEHILIHGDIRKTTKMEIGGEEVEVEEFVEEE,0.365634964555,-1.68762701824,0.724489795918,0.690476190476,0.551020408163,1,1,1,-1.0,-1.0
26,c33,,,,,,,,,1101112200,-1,RMLFQTSYTLENNGSVICIPNNGQCFCLAWLKSNGTNAEKLAANILQWIAVFLSALFLAFYGWHAYKASVGWEEVYVCSVELIKVILEIYFEFTEPAVIYSSNGNKTVWLRYAEWLLTCPVILIHLSNLTGLANDYNKRTMGLLVSDIGTIVWGTTAALSKGYVRVIFFLMGLCYGIYTFFNAAKVYIEANHSVPKGHCRMVVKLMAYAYFASWGSYPILWAVGPEGLLKLSVAGSTIGHTIADLLSKNIWGLLGHFLRIKIHEHIIMYGDIRRPVSSQFLGRKVDVLAFVTEE,,,0.554421768707,0.765306122449,0.646258503401,-1,-1,-1,,
27,c34,,,,,,,,,1011111021,-1,RMLFQTSYTLENNGSVICIPNNGQCFCLAWLKSNGALWEQETARGFQWFTFALSALCLMFYGYQTWKSTCGWEEIYVATIEMIKFIIEYFHEFDEPAVIYSSNGNKTVWLRYAEWLLTCPVILIHLSNLTGLANDYNKRTMGLLVSDIGTIVWGTTAALSKGYVRVIFFLMGLCYGIYTFFNAAKVYIEAYHTVPKGRCRQVVTGMAWLFFVSWLMFPGLFIFGPEGMHTLSPYANSIGHSICDIIAKEFWTFLAHHLRIKIHEHILIHGDIRKTTKLNIGGTEIEVETLVEDE,,,0.551020408163,0.884353741497,0.513605442177,-1,-1,-1,,
28,c35,0.656866065217,0.0,0.0516124286179,0.0,0.00209732456492,0.0,0.0816319387702,0.0,1002202201,1,RMLFQTSYTLENNGSVICIPNNGQCFCLAWLKSNGALWEQETARGFQWFAVFLSALFLAFYGWHAYKASVGWEEVYVCSVELIKVILEIYFEFTSPATVYLSTGNHAYCLRYFEWLLSCPVILIRLSNLSGLKNDYSKRTMGLIVSDLGTICMGVTAALATGWVKWLFYCIGLVYGTQTFYNAGIIYVEANHSVPKGHCRMVVKLMAYAYFASWGSYPILWAVGPEGLLKLSVAGSTIGHTIADLLSKNIWGLLGHFLRIKIHEHILIHGDIRKTTKLNIGGTEIEVETLVEDE,-0.420275139397,-2.96399277081,0.642857142857,0.673469387755,0.663265306122,1,-1,-1,-1.0,-1.0
29,c36,0.212576325937,0.0445378481907,0.0923765784946,0.0146249149684,0.0391376589524,0.0268586912125,0.354826547389,0.0976078697445,0100000000,1,EYHAPAGYQVNPPYHPVHGYE---EQCSSIYIYYGTNAEKLAANILQWIAVFLSALFLAFYGWHAYKASVGWEEVYVCSVELIKVILEIYFEFTSPAMLFLYGGNITPWLRYAEWLLTCPVILIHLSNITGLSEAYNKRTMALLVSDLGTICMGVTAALATGWVKWLFYCIGLVYGTQTFYNAGIIYVESYYIMPAGGCKKLVLAMTAVYYSSWLMFPGLFIFGPEGMHTLSVAGSTIGHTIADLLSKNIWGLLGHFLRIKIHEHIIMYGDIRRPVSSQFLGRKVDVLAFVTEE,-1.54845417423,-2.38188181196,0.462585034014,0.520408163265,0.965986394558,-1,-1,-1,-1.0,1.0
30,c37,,,,,,,,,0010000000,-1,EYHAPAGYQVNPPYHPVHGYE---EQCSSIYIYYGALWEQETARGFQWFTFALSALCLMFYGYQTWKSTCGWEEIYVATIEMIKFIIEYFHEFDSPAMLFLYGGNITPWLRYAEWLLTCPVILIHLSNITGLSEAYNKRTMALLVSDLGTICMGVTAALATGWVKWLFYCIGLVYGTQTFYNAGIIYVESYYIMPAGGCKKLVLAMTAVYYSSWLMFPGLFIFGPEGMHTLSVAGSTIGHTIADLLSKNIWGLLGHFLRIKIHEHIIMYGDIRRPVSSQFLGRKVDVLAFVTEE,,,0.438775510204,0.56462585034,0.921768707483,-1,-1,-1,,
31,c39,0.224539859612,0.0,0.508562987099,0.0,1.68020621978,0.0,1.84460850411,0.0,0000100000,1,EYHAPAGYQVNPPYHPVHGYE---EQCSSIYIYYGALWEQETARGFQWFAVFLSALFLAFYGWHAYKASVGWEEVYVCSVELIKVILEIYFEFTSPAMLFLYGGNITPWLRYAEWLLTCPVILIHLSNLTGLANDYNKRTMGLLVSDLGTICMGVTAALATGWVKWLFYCIGLVYGTQTFYNAGIIYVESYYIMPAGGCKKLVLAMTAVYYSSWLMFPGLFIFGPEGMHTLSVAGSTIGHTIADLLSKNIWGLLGHFLRIKIHEHIIMYGDIRRPVSSQFLGRKVDVLAFVTEE,-1.49370203918,-0.67616620273,0.465986394558,0.503401360544,0.982993197279,-1,-1,1,1.0,1.0
32,c40,0.178167066844,0.0172495246122,0.345824083424,0.0949966909042,0.891030605869,0.247584795686,1.19704072426,0.0926786970219,0000010000,1,EYHAPAGYQVNPPYHPVHGYE---EQCSSIYIYYGALWEQETARGFQWFAVFLSALFLAFYGWHAYKASVGWEEVYVCSVELIKVILEIYFEFTSPAMLFLYGGNITPWLRYAEWLLTCPVILIHLSNITGLSEAYNKRTMALLVSDIGTIVWGTTAALSKGYVRVIFFLMGLCYGIYTFFNAAKVYIESYYIMPAGGCKKLVLAMTAVYYSSWLMFPGLFIFGPEGMHTLSVAGSTIGHTIADLLSKNIWGLLGHFLRIKIHEHIIMYGDIRRPVSSQFLGRKVDVLAFVTEE,-1.7250335911,-1.06182506263,0.442176870748,0.557823129252,0.928571428571,-1,-1,1,1.0,1.0
33,c41,0.274254904868,0.0469591730226,0.575502082516,0.142791479837,1.25802054582,0.434426761464,1.37210510601,0.343136053612,0000001000,1,EYHAPAGYQVNPPYHPVHGYE---EQCSSIYIYYGALWEQETARGFQWFAVFLSALFLAFYGWHAYKASVGWEEVYVCSVELIKVILEIYFEFTSPAMLFLYGGNITPWLRYAEWLLTCPVILIHLSNITGLSEAYNKRTMALLVSDLGTICMGVTAALATGWVKWLFYCIGLVYGTQTFYNAGIIYVEAYHTVPKGRCRQVVTGMAWLFFVSWLMFPGLFIFGPEGMHTLSVAGSTIGHTIADLLSKNIWGLLGHFLRIKIHEHIIMYGDIRRPVSSQFLGRKVDVLAFVTEE,-1.29369729533,-0.552512432206,0.47619047619,0.544217687075,0.942176870748,-1,-1,1,1.0,1.0
34,c42,0.371228657783,0.0895170309941,1.09160891316,0.280149895428,1.99259281154,0.528897015648,2.12846664755,0.663387243226,0000000100,1,EYHAPAGYQVNPPYHPVHGYE---EQCSSIYIYYGALWEQETARGFQWFAVFLSALFLAFYGWHAYKASVGWEEVYVCSVELIKVILEIYFEFTSPAMLFLYGGNITPWLRYAEWLLTCPVILIHLSNITGLSEAYNKRTMALLVSDLGTICMGVTAALATGWVKWLFYCIGLVYGTQTFYNAGIIYVESYYIMPAGGCKKLVLAMTAVYYSSWGMFPILFILGPEGFGVLSVAGSTIGHTIADLLSKNIWGLLGHFLRIKIHEHIIMYGDIRRPVSSQFLGRKVDVLAFVTEE,-0.990937077971,0.0876526750441,0.459183673469,0.506802721088,0.979591836735,-1,-1,1,1.0,1.0
35,c43,,,,,,,,,0000000010,-1,EYHAPAGYQVNPPYHPVHGYE---EQCSSIYIYYGALWEQETARGFQWFAVFLSALFLAFYGWHAYKASVGWEEVYVCSVELIKVILEIYFEFTSPAMLFLYGGNITPWLRYAEWLLTCPVILIHLSNITGLSEAYNKRTMALLVSDLGTICMGVTAALATGWVKWLFYCIGLVYGTQTFYNAGIIYVESYYIMPAGGCKKLVLAMTAVYYSSWLMFPGLFIFGPEGMHTLSVYGSTVGHTIIDLMSKNCWGLLGHYLRVLIHEHIIMYGDIRRPVSSQFLGRKVDVLAFVTEE,,,0.445578231293,0.513605442177,0.972789115646,-1,-1,-1,,
36,c44,0.127742857286,0.0,0.220039929811,0.0,0.755970482932,0.0,1.44198229729,0.0,0000000001,1,EYHAPAGYQVNPPYHPVHGYE---EQCSSIYIYYGALWEQETARGFQWFAVFLSALFLAFYGWHAYKASVGWEEVYVCSVELIKVILEIYFEFTSPAMLFLYGGNITPWLRYAEWLLTCPVILIHLSNITGLSEAYNKRTMALLVSDLGTICMGVTAALATGWVKWLFYCIGLVYGTQTFYNAGIIYVESYYIMPAGGCKKLVLAMTAVYYSSWLMFPGLFIFGPEGMHTLSVAGSTIGHTIADLLSKNIWGLLGHFLRIKIHEHILIHGDIRKTTKLNIGGTEIEVETLVEDE,-2.05773596312,-1.51394624996,0.486394557823,0.554421768707,0.931972789116,-1,-1,1,1.0,1.0
37,c46,0.269896992364,0.0,0.0807228170505,0.0,0.0117178904007,0.0,0.25647559363,0.0,0200000000,1,EYHAPAGYQVNPPYHPVHGYE---EQCSSIYIYYGTPGEKIGAQVCQWIAVFLSALFLAFYGWHAYKASVGWEEVYVCSVELIKVILEIYFEFTSPAMLFLYGGNITPWLRYAEWLLTCPVILIHLSNITGLSEAYNKRTMALLVSDLGTICMGVTAALATGWVKWLFYCIGLVYGTQTFYNAGIIYVESYYIMPAGGCKKLVLAMTAVYYSSWLMFPGLFIFGPEGMHTLSVAGSTIGHTIADLLSKNIWGLLGHFLRIKIHEHIIMYGDIRRPVSSQFLGRKVDVLAFVTEE,-1.30971490254,-2.51673400451,0.486394557823,0.496598639456,0.965986394558,-1,-1,-1,-1.0,-1.0
38,c47,,,,,,,,,0020000000,-1,EYHAPAGYQVNPPYHPVHGYE---EQCSSIYIYYGALWEQETARGFQWFAFSIAIALLTFYGFSAWKATCGWEEVYVCCVEVLFVTLEIFKEFSSPAMLFLYGGNITPWLRYAEWLLTCPVILIHLSNITGLSEAYNKRTMALLVSDLGTICMGVTAALATGWVKWLFYCIGLVYGTQTFYNAGIIYVESYYIMPAGGCKKLVLAMTAVYYSSWLMFPGLFIFGPEGMHTLSVAGSTIGHTIADLLSKNIWGLLGHFLRIKIHEHIIMYGDIRRPVSSQFLGRKVDVLAFVTEE,,,0.52380952381,0.479591836735,0.928571428571,-1,-1,-1,,
39,c48,0.195006102284,0.00150011645602,0.406688817737,0.0725607274995,1.25792380714,0.201077470939,1.65045262706,0.248522710288,0002000000,1,EYHAPAGYQVNPPYHPVHGYE---EQCSSIYIYYGALWEQETARGFQWFAVFLSALFLAFYGWHAYKASVGWEEVYVCSVELIKVILEIYFEFTSPATVYLSTGNHAYCLRYFEWLLTCPVILIHLSNITGLSEAYNKRTMALLVSDLGTICMGVTAALATGWVKWLFYCIGLVYGTQTFYNAGIIYVESYYIMPAGGCKKLVLAMTAVYYSSWLMFPGLFIFGPEGMHTLSVAGSTIGHTIADLLSKNIWGLLGHFLRIKIHEHIIMYGDIRRPVSSQFLGRKVDVLAFVTEE,-1.63472442714,-0.899706961561,0.486394557823,0.482993197279,0.965986394558,-1,-1,1,1.0,1.0
40,c49,0.249254306028,0.00498035997903,0.48730158618,0.0469306401322,1.28834253364,0.0839562313767,1.54639964042,0.0994600082355,0000200000,1,EYHAPAGYQVNPPYHPVHGYE---EQCSSIYIYYGALWEQETARGFQWFAVFLSALFLAFYGWHAYKASVGWEEVYVCSVELIKVILEIYFEFTSPAMLFLYGGNITPWLRYAEWLLSCPVILIRLSNLSGLKNDYSKRTMGLIVSDLGTICMGVTAALATGWVKWLFYCIGLVYGTQTFYNAGIIYVESYYIMPAGGCKKLVLAMTAVYYSSWLMFPGLFIFGPEGMHTLSVAGSTIGHTIADLLSKNIWGLLGHFLRIKIHEHIIMYGDIRRPVSSQFLGRKVDVLAFVTEE,-1.38928159435,-0.7188720741,0.486394557823,0.482993197279,0.965986394558,-1,-1,1,1.0,1.0
41,c50,0.568409529839,0.138324827783,0.831491864027,0.122726463433,0.816521609188,0.0498371018469,0.852004035771,0.0817195581626,0000020000,1,EYHAPAGYQVNPPYHPVHGYE---EQCSSIYIYYGALWEQETARGFQWFAVFLSALFLAFYGWHAYKASVGWEEVYVCSVELIKVILEIYFEFTSPAMLFLYGGNITPWLRYAEWLLTCPVILIHLSNITGLSEAYNKRTMALLVSCVGMIVFGMAAGLATDWLKWLLYIVSCIYGGYMYFQAAKCYVESYYIMPAGGCKKLVLAMTAVYYSSWLMFPGLFIFGPEGMHTLSVAGSTIGHTIADLLSKNIWGLLGHFLRIKIHEHIIMYGDIRRPVSSQFLGRKVDVLAFVTEE,-0.564913116821,-0.184533765091,0.537414965986,0.462585034014,0.914965986395,-1,-1,1,1.0,1.0
42,c51,0.282715930485,0.0303560475903,0.0357771579246,0.00494843627013,0.00216417485772,0.000917021373059,0.0806751999764,0.0208952481577,0000002000,1,EYHAPAGYQVNPPYHPVHGYE---EQCSSIYIYYGALWEQETARGFQWFAVFLSALFLAFYGWHAYKASVGWEEVYVCSVELIKVILEIYFEFTSPAMLFLYGGNITPWLRYAEWLLTCPVILIHLSNITGLSEAYNKRTMALLVSDLGTICMGVTAALATGWVKWLFYCIGLVYGTQTFYNAGIIYVEANHSVPKGHCRMVVKLMAYAYFASWLMFPGLFIFGPEGMHTLSVAGSTIGHTIADLLSKNIWGLLGHFLRIKIHEHIIMYGDIRRPVSSQFLGRKVDVLAFVTEE,-1.26331266467,-3.33044563601,0.510204081633,0.510204081633,0.942176870748,-1,-1,-1,-1.0,-1.0
43,c52,0.269072232664,0.0459056341489,0.747195574718,0.257365220125,1.66200907759,0.291849628862,1.7814003399,0.131547399883,0000000200,1,EYHAPAGYQVNPPYHPVHGYE---EQCSSIYIYYGALWEQETARGFQWFAVFLSALFLAFYGWHAYKASVGWEEVYVCSVELIKVILEIYFEFTSPAMLFLYGGNITPWLRYAEWLLTCPVILIHLSNITGLSEAYNKRTMALLVSDLGTICMGVTAALATGWVKWLFYCIGLVYGTQTFYNAGIIYVESYYIMPAGGCKKLVLAMTAVYYSSWGSYPILWAVGPEGLLKLSVAGSTIGHTIADLLSKNIWGLLGHFLRIKIHEHIIMYGDIRRPVSSQFLGRKVDVLAFVTEE,-1.31277541251,-0.291428314572,0.486394557823,0.479591836735,0.965986394558,-1,-1,1,1.0,1.0
44,c53,0.322370681748,0.00540337465017,0.0585426439701,0.0161780802632,0.00217771704346,0.000649026684575,0.0988054493517,0.0272684772751,0000000020,1,EYHAPAGYQVNPPYHPVHGYE---EQCSSIYIYYGALWEQETARGFQWFAVFLSALFLAFYGWHAYKASVGWEEVYVCSVELIKVILEIYFEFTSPAMLFLYGGNITPWLRYAEWLLTCPVILIHLSNITGLSEAYNKRTMALLVSDLGTICMGVTAALATGWVKWLFYCIGLVYGTQTFYNAGIIYVESYYIMPAGGCKKLVLAMTAVYYSSWLMFPGLFIFGPEGMHTLSPYANSIGHSICDIIAKEFWTFLAHHLRIKIHEHIIMYGDIRRPVSSQFLGRKVDVLAFVTEE,-1.13205320999,-2.83799983355,0.506802721088,0.452380952381,0.945578231293,-1,-1,-1,-1.0,-1.0
45,c54,0.113915485988,0.000872666896564,0.155907878532,0.013613290971,0.211618996028,0.00520801229994,1.07262110474,0.0966630780327,0000000002,1,EYHAPAGYQVNPPYHPVHGYE---EQCSSIYIYYGALWEQETARGFQWFAVFLSALFLAFYGWHAYKASVGWEEVYVCSVELIKVILEIYFEFTSPAMLFLYGGNITPWLRYAEWLLTCPVILIHLSNITGLSEAYNKRTMALLVSDLGTICMGVTAALATGWVKWLFYCIGLVYGTQTFYNAGIIYVESYYIMPAGGCKKLVLAMTAVYYSSWLMFPGLFIFGPEGMHTLSVAGSTIGHTIADLLSKNIWGLLGHFLRIKIHEHILIHGDIRKTTKMEIGGEEVEVEEFVEEE,-2.17229845651,-1.85848996839,0.510204081633,0.530612244898,0.942176870748,-1,-1,-1,1.0,1.0
46,c55,0.590283884219,0.00414895645672,0.0487601289455,0.00261276139472,0.0018764635514,0.000217333682122,0.0754701895601,0.011453777257,0222222222,1,EYHAPAGYQVNPPYHPVHGYE---EQCSSIYIYYGTPGEKIGAQVCQWIAFSIAIALLTFYGFSAWKATCGWEEVYVCCVEVLFVTLEIFKEFSSPATVYLSTGNHAYCLRYFEWLLSCPVILIRLSNLSGLKNDYSKRTMGLIVSCVGMIVFGMAAGLATDWLKWLLYIVSCIYGGYMYFQAAKCYVEANHSVPKGHCRMVVKLMAYAYFASWGSYPILWAVGPEGLLKLSPYANSIGHSICDIIAKEFWTFLAHHLRIKIHEHILIHGDIRKTTKMEIGGEEVEVEEFVEEE,-0.527151698109,-3.02084232988,0.914965986395,0.486394557823,0.537414965986,-1,-1,-1,-1.0,-1.0
47,c56,0.9012222866,0.134093497344,1.35497274992,0.0659984928234,1.14816187112,0.154218159308,1.26073142136,0.157712510084,2022222222,1,GFDELAKGAVVPEDHFVCGPA-DKCYCSAWLHSRGALWEQETARGFQWFAFSIAIALLTFYGFSAWKATCGWEEVYVCCVEVLFVTLEIFKEFSSPATVYLSTGNHAYCLRYFEWLLSCPVILIRLSNLSGLKNDYSKRTMGLIVSCVGMIVFGMAAGLATDWLKWLLYIVSCIYGGYMYFQAAKCYVEANHSVPKGHCRMVVKLMAYAYFASWGSYPILWAVGPEGLLKLSPYANSIGHSICDIIAKEFWTFLAHHLRIKIHEHILIHGDIRKTTKMEIGGEEVEVEEFVEEE,-0.104003340814,0.303781343369,0.965986394558,0.496598639456,0.486394557823,1,1,1,1.0,1.0
48,c57,1.63179479932,0.587920741367,0.362488162715,0.13068187676,0.123237669897,0.0692866731696,0.188439191477,0.0393977647455,2202222222,1,GFDELAKGAVVPEDHFVCGPA-DKCYCSAWLHSRGTPGEKIGAQVCQWIAVFLSALFLAFYGWHAYKASVGWEEVYVCSVELIKVILEIYFEFTSPATVYLSTGNHAYCLRYFEWLLSCPVILIRLSNLSGLKNDYSKRTMGLIVSCVGMIVFGMAAGLATDWLKWLLYIVSCIYGGYMYFQAAKCYVEANHSVPKGHCRMVVKLMAYAYFASWGSYPILWAVGPEGLLKLSPYANSIGHSICDIIAKEFWTFLAHHLRIKIHEHILIHGDIRKTTKMEIGGEEVEVEEFVEEE,0.489680512926,-1.0147634598,0.928571428571,0.513605442177,0.52380952381,1,1,1,-1.0,-1.0
49,c58,1.0400904926,0.358585301324,1.92172421265,0.599241105562,1.26742614362,0.298157780448,1.40672757813,0.270077200702,2220222222,1,GFDELAKGAVVPEDHFVCGPA-DKCYCSAWLHSRGTPGEKIGAQVCQWIAFSIAIALLTFYGFSAWKATCGWEEVYVCCVEVLFVTLEIFKEFSSPAMLFLYGGNITPWLRYAEWLLSCPVILIRLSNLSGLKNDYSKRTMGLIVSCVGMIVFGMAAGLATDWLKWLLYIVSCIYGGYMYFQAAKCYVEANHSVPKGHCRMVVKLMAYAYFASWGSYPILWAVGPEGLLKLSPYANSIGHSICDIIAKEFWTFLAHHLRIKIHEHILIHGDIRKTTKMEIGGEEVEVEEFVEEE,0.0393077214833,0.653222810476,0.965986394558,0.510204081633,0.486394557823,1,1,1,1.0,1.0
50,c59,1.13914066167,0.0294536338732,0.0554118583091,0.0060823850128,0.00195183481641,0.000278856763402,0.0458396171956,0.00868344086521,2222022222,1,GFDELAKGAVVPEDHFVCGPA-DKCYCSAWLHSRGTPGEKIGAQVCQWIAFSIAIALLTFYGFSAWKATCGWEEVYVCCVEVLFVTLEIFKEFSSPATVYLSTGNHAYCLRYFEWLLTCPVILIHLSNITGLSEAYNKRTMALLVSCVGMIVFGMAAGLATDWLKWLLYIVSCIYGGYMYFQAAKCYVEANHSVPKGHCRMVVKLMAYAYFASWGSYPILWAVGPEGLLKLSPYANSIGHSICDIIAKEFWTFLAHHLRIKIHEHILIHGDIRKTTKMEIGGEEVEVEEFVEEE,0.1302741726,-2.89296165923,0.965986394558,0.510204081633,0.486394557823,1,1,-1,-1.0,-1.0
51,c60,,,,,,,,,2222202222,-1,GFDELAKGAVVPEDHFVCGPA-DKCYCSAWLHSRGTPGEKIGAQVCQWIAFSIAIALLTFYGFSAWKATCGWEEVYVCCVEVLFVTLEIFKEFSSPATVYLSTGNHAYCLRYFEWLLSCPVILIRLSNLSGLKNDYSKRTMGLIVSDLGTICMGVTAALATGWVKWLFYCIGLVYGTQTFYNAGIIYVEANHSVPKGHCRMVVKLMAYAYFASWGSYPILWAVGPEGLLKLSPYANSIGHSICDIIAKEFWTFLAHHLRIKIHEHILIHGDIRKTTKMEIGGEEVEVEEFVEEE,,,0.914965986395,0.530612244898,0.537414965986,-1,-1,-1,,
52,c62,1.91549763532,0.239824459862,0.458191402774,0.0815472502026,0.109570635275,0.0571111747601,0.170586237758,0.0529867101305,2222222022,1,GFDELAKGAVVPEDHFVCGPA-DKCYCSAWLHSRGTPGEKIGAQVCQWIAFSIAIALLTFYGFSAWKATCGWEEVYVCCVEVLFVTLEIFKEFSSPATVYLSTGNHAYCLRYFEWLLSCPVILIRLSNLSGLKNDYSKRTMGLIVSCVGMIVFGMAAGLATDWLKWLLYIVSCIYGGYMYFQAAKCYVEANHSVPKGHCRMVVKLMAYAYFASWLMFPGLFIFGPEGMHTLSPYANSIGHSICDIIAKEFWTFLAHHLRIKIHEHILIHGDIRKTTKMEIGGEEVEVEEFVEEE,0.64997745066,-0.780468272181,0.965986394558,0.513605442177,0.486394557823,1,1,1,-1.0,-1.0
53,c63,1.13293270547,0.0721047967175,0.0853189898297,0.0135212354692,0.00299830010361,0.000674517795133,0.0538166960687,0.0100849876908,2222222202,1,GFDELAKGAVVPEDHFVCGPA-DKCYCSAWLHSRGTPGEKIGAQVCQWIAFSIAIALLTFYGFSAWKATCGWEEVYVCCVEVLFVTLEIFKEFSSPATVYLSTGNHAYCLRYFEWLLSCPVILIRLSNLSGLKNDYSKRTMGLIVSCVGMIVFGMAAGLATDWLKWLLYIVSCIYGGYMYFQAAKCYVEANHSVPKGHCRMVVKLMAYAYFASWGSYPILWAVGPEGLLKLSVAGSTIGHTIADLLSKNIWGLLGHFLRIKIHEHILIHGDIRKTTKMEIGGEEVEVEEFVEEE,0.124809585286,-2.46135822523,0.945578231293,0.540816326531,0.506802721088,1,1,-1,-1.0,-1.0
54,c64,1.22271965713,0.268496541191,1.50075025539,0.594224836604,1.05224617775,0.435869641744,1.07011211351,0.258162620838,2222222220,1,GFDELAKGAVVPEDHFVCGPA-DKCYCSAWLHSRGTPGEKIGAQVCQWIAFSIAIALLTFYGFSAWKATCGWEEVYVCCVEVLFVTLEIFKEFSSPATVYLSTGNHAYCLRYFEWLLSCPVILIRLSNLSGLKNDYSKRTMGLIVSCVGMIVFGMAAGLATDWLKWLLYIVSCIYGGYMYFQAAKCYVEANHSVPKGHCRMVVKLMAYAYFASWGSYPILWAVGPEGLLKLSPYANSIGHSICDIIAKEFWTFLAHHLRIKIHEHIIMYGDIRRPVSSQFLGRKVDVLAFVTEE,0.201077604861,0.405965153325,0.942176870748,0.462585034014,0.510204081633,1,1,1,1.0,1.0
55,c66,2.36291316294,0.657513857926,0.568642184763,0.258209485338,0.264091762517,0.192753919586,0.247301834996,0.152629395397,2212222222,1,GFDELAKGAVVPEDHFVCGPA-DKCYCSAWLHSRGTPGEKIGAQVCQWITFALSALCLMFYGYQTWKSTCGWEEIYVATIEMIKFIIEYFHEFDSPATVYLSTGNHAYCLRYFEWLLSCPVILIRLSNLSGLKNDYSKRTMGLIVSCVGMIVFGMAAGLATDWLKWLLYIVSCIYGGYMYFQAAKCYVEANHSVPKGHCRMVVKLMAYAYFASWGSYPILWAVGPEGLLKLSPYANSIGHSICDIIAKEFWTFLAHHLRIKIHEHILIHGDIRKTTKMEIGGEEVEVEEFVEEE,0.85989524888,-0.564503891939,0.914965986395,0.591836734694,0.445578231293,1,1,1,1.0,-1.0
56,c69,0.552422557325,0.0,0.0219666838182,0.0,0.000170242457534,0.0,0.0329409937622,0.0,2222212222,1,GFDELAKGAVVPEDHFVCGPA-DKCYCSAWLHSRGTPGEKIGAQVCQWIAFSIAIALLTFYGFSAWKATCGWEEVYVCCVEVLFVTLEIFKEFSSPATVYLSTGNHAYCLRYFEWLLSCPVILIRLSNLSGLKNDYSKRTMGLIVSDIGTIVWGTTAALSKGYVRVIFFLMGLCYGIYTFFNAAKVYIEANHSVPKGHCRMVVKLMAYAYFASWGSYPILWAVGPEGLLKLSPYANSIGHSICDIIAKEFWTFLAHHLRIKIHEHILIHGDIRKTTKMEIGGEEVEVEEFVEEE,-0.593442023152,-3.81822834534,0.904761904762,0.602040816327,0.465986394558,-1,-1,-1,-1.0,-1.0
57,c70,0.983085228133,0.0522696170218,1.92284112203,0.127340476007,1.69958210539,0.0505983649146,1.75514958526,0.0719017495782,2222221222,1,GFDELAKGAVVPEDHFVCGPA-DKCYCSAWLHSRGTPGEKIGAQVCQWIAFSIAIALLTFYGFSAWKATCGWEEVYVCCVEVLFVTLEIFKEFSSPATVYLSTGNHAYCLRYFEWLLSCPVILIRLSNLSGLKNDYSKRTMGLIVSCVGMIVFGMAAGLATDWLKWLLYIVSCIYGGYMYFQAAKCYVEAYHTVPKGRCRQVVTGMAWLFFVSWGSYPILWAVGPEGLLKLSPYANSIGHSICDIIAKEFWTFLAHHLRIKIHEHILIHGDIRKTTKMEIGGEEVEVEEFVEEE,-0.0170594605252,0.653803843344,0.965986394558,0.540816326531,0.452380952381,1,1,1,1.0,1.0
58,c71,1.1549027455,0.153842877028,0.639787619271,0.207090582052,0.36685053538,0.248983964929,0.435344266408,0.219921984993,2222222122,1,GFDELAKGAVVPEDHFVCGPA-DKCYCSAWLHSRGTPGEKIGAQVCQWIAFSIAIALLTFYGFSAWKATCGWEEVYVCCVEVLFVTLEIFKEFSSPATVYLSTGNHAYCLRYFEWLLSCPVILIRLSNLSGLKNDYSKRTMGLIVSCVGMIVFGMAAGLATDWLKWLLYIVSCIYGGYMYFQAAKCYVEANHSVPKGHCRMVVKLMAYAYFASWGMFPILFILGPEGFGVLSPYANSIGHSICDIIAKEFWTFLAHHLRIKIHEHILIHGDIRKTTKMEIGGEEVEVEEFVEEE,0.144016137398,-0.44661900259,0.972789115646,0.534013605442,0.465986394558,1,1,1,1.0,1.0
59,c72,0.691740620203,0.276540380361,0.0838327922242,0.0447460667198,0.00636014540302,0.00551294488033,0.0943189646267,0.0620037514249,2222222212,1,GFDELAKGAVVPEDHFVCGPA-DKCYCSAWLHSRGTPGEKIGAQVCQWIAFSIAIALLTFYGFSAWKATCGWEEVYVCCVEVLFVTLEIFKEFSSPATVYLSTGNHAYCLRYFEWLLSCPVILIRLSNLSGLKNDYSKRTMGLIVSCVGMIVFGMAAGLATDWLKWLLYIVSCIYGGYMYFQAAKCYVEANHSVPKGHCRMVVKLMAYAYFASWGSYPILWAVGPEGLLKLSVYGSTVGHTIIDLMSKNCWGLLGHYLRVLIHEHILIHGDIRKTTKMEIGGEEVEVEEFVEEE,-0.368544219926,-2.47893103271,0.938775510204,0.568027210884,0.479591836735,1,-1,-1,-1.0,-1.0
60,c73,0.310911080728,0.037898661379,0.80420449881,0.071817840986,2.06215937056,0.0825463244113,2.21990061317,0.0536799149894,2222222221,1,GFDELAKGAVVPEDHFVCGPA-DKCYCSAWLHSRGTPGEKIGAQVCQWIAFSIAIALLTFYGFSAWKATCGWEEVYVCCVEVLFVTLEIFKEFSSPATVYLSTGNHAYCLRYFEWLLSCPVILIRLSNLSGLKNDYSKRTMGLIVSCVGMIVFGMAAGLATDWLKWLLYIVSCIYGGYMYFQAAKCYVEANHSVPKGHCRMVVKLMAYAYFASWGSYPILWAVGPEGLLKLSPYANSIGHSICDIIAKEFWTFLAHHLRIKIHEHILIHGDIRKTTKLNIGGTEIEVETLVEDE,-1.16824832174,-0.217901690391,0.97619047619,0.530612244898,0.442176870748,-1,-1,1,1.0,1.0
61,c74,0.309784377492,0.0198400600746,0.180804893515,0.0118611799125,0.139227663373,0.00522817689592,0.430064738142,0.0080074394546,2001201210,1,GFDELAKGAVVPEDHFVCGPA-DKCYCSAWLHSRGALWEQETARGFQWFAVFLSALFLAFYGWHAYKASVGWEEVYVCSVELIKVILEIYFEFTEPAVIYSSNGNKTVWLRYAEWLLSCPVILIRLSNLSGLKNDYSKRTMGLIVSDLGTICMGVTAALATGWVKWLFYCIGLVYGTQTFYNAGIIYVEAYHTVPKGRCRQVVTGMAWLFFVSWGSYPILWAVGPEGLLKLSVYGSTVGHTIIDLMSKNCWGLLGHYLRVLIHEHIIMYGDIRRPVSSQFLGRKVDVLAFVTEE,-1.17187877999,-1.71033676549,0.622448979592,0.612244897959,0.731292517007,-1,-1,1,1.0,1.0
62,c75,0.424534702238,0.0489657564329,0.0317434401089,0.0115795310489,0.0022039388431,0.00189014435752,0.0619770725232,0.0238602393284,0021120211,1,EYHAPAGYQVNPPYHPVHGYE---EQCSSIYIYYGALWEQETARGFQWFAFSIAIALLTFYGFSAWKATCGWEEVYVCCVEVLFVTLEIFKEFSEPAVIYSSNGNKTVWLRYAEWLLTCPVILIHLSNLTGLANDYNKRTMGLLVSCVGMIVFGMAAGLATDWLKWLLYIVSCIYGGYMYFQAAKCYVESYYIMPAGGCKKLVLAMTAVYYSSWGSYPILWAVGPEGLLKLSVYGSTVGHTIIDLMSKNCWGLLGHYLRVLIHEHILIHGDIRKTTKLNIGGTEIEVETLVEDE,-0.856761528073,-3.45006918573,0.683673469388,0.591836734694,0.666666666667,-1,-1,-1,-1.0,-1.0
63,c76,0.615093637951,0.260092967462,0.0312359087045,0.0138623971197,0.00193489528455,0.00155087680313,0.0562673768632,0.0171880388735,2011212010,1,GFDELAKGAVVPEDHFVCGPA-DKCYCSAWLHSRGALWEQETARGFQWFTFALSALCLMFYGYQTWKSTCGWEEIYVATIEMIKFIIEYFHEFDEPAVIYSSNGNKTVWLRYAEWLLSCPVILIRLSNLSGLKNDYSKRTMGLIVSDIGTIVWGTTAALSKGYVRVIFFLMGLCYGIYTFFNAAKVYIEANHSVPKGHCRMVVKLMAYAYFASWLMFPGLFIFGPEGMHTLSVYGSTVGHTIIDLMSKNCWGLLGHYLRVLIHEHIIMYGDIRRPVSSQFLGRKVDVLAFVTEE,-0.485980765935,-3.46618692595,0.598639455782,0.734693877551,0.615646258503,1,-1,-1,-1.0,-1.0
64,c77,0.710986843827,0.0325521938358,0.120923002975,0.0189635126609,0.00818978204535,0.00028473521742,0.133955202199,0.00711917619634,0221021212,1,EYHAPAGYQVNPPYHPVHGYE---EQCSSIYIYYGTPGEKIGAQVCQWIAFSIAIALLTFYGFSAWKATCGWEEVYVCCVEVLFVTLEIFKEFSEPAVIYSSNGNKTVWLRYAEWLLTCPVILIHLSNITGLSEAYNKRTMALLVSCVGMIVFGMAAGLATDWLKWLLYIVSCIYGGYMYFQAAKCYVEAYHTVPKGRCRQVVTGMAWLFFVSWGSYPILWAVGPEGLLKLSVYGSTVGHTIIDLMSKNCWGLLGHYLRVLIHEHILIHGDIRKTTKMEIGGEEVEVEEFVEEE,-0.34110135311,-2.11260127498,0.751700680272,0.619047619048,0.602040816327,1,1,-1,-1.0,-1.0
65,c78,1.59997260689,0.695910066219,0.243467008694,0.067984030906,0.0717886217281,0.0124649584322,0.135272180305,0.0487327801175,2110220102,1,GFDELAKGAVVPEDHFVCGPA-DKCYCSAWLHSRGTNAEKLAANILQWITFALSALCLMFYGYQTWKSTCGWEEIYVATIEMIKFIIEYFHEFDSPAMLFLYGGNITPWLRYAEWLLSCPVILIRLSNLSGLKNDYSKRTMGLIVSCVGMIVFGMAAGLATDWLKWLLYIVSCIYGGYMYFQAAKCYVESYYIMPAGGCKKLVLAMTAVYYSSWGMFPILFILGPEGFGVLSVAGSTIGHTIADLLSKNIWGLLGHFLRIKIHEHILIHGDIRKTTKMEIGGEEVEVEEFVEEE,0.469986508405,-1.41277383355,0.71768707483,0.656462585034,0.605442176871,1,1,1,-1.0,-1.0
66,c79,0.605136139163,0.0599939371536,0.0909141092761,0.0254118396059,0.0073324783687,0.00497144778551,0.0975324676518,0.0301593905204,2001210021,1,GFDELAKGAVVPEDHFVCGPA-DKCYCSAWLHSRGALWEQETARGFQWFAVFLSALFLAFYGWHAYKASVGWEEVYVCSVELIKVILEIYFEFTEPAVIYSSNGNKTVWLRYAEWLLSCPVILIRLSNLSGLKNDYSKRTMGLIVSDIGTIVWGTTAALSKGYVRVIFFLMGLCYGIYTFFNAAKVYIESYYIMPAGGCKKLVLAMTAVYYSSWLMFPGLFIFGPEGMHTLSPYANSIGHSICDIIAKEFWTFLAHHLRIKIHEHILIHGDIRKTTKLNIGGTEIEVETLVEDE,-0.502301822855,-2.39784007228,0.649659863946,0.639455782313,0.656462585034,-1,-1,-1,-1.0,-1.0
67,c80,0.450400847067,0.141435177424,0.0531708999364,0.0446857049508,0.00245976948951,0.00172491650456,0.0736696661171,0.0412435052723,0022211202,1,EYHAPAGYQVNPPYHPVHGYE---EQCSSIYIYYGALWEQETARGFQWFAFSIAIALLTFYGFSAWKATCGWEEVYVCCVEVLFVTLEIFKEFSSPATVYLSTGNHAYCLRYFEWLLSCPVILIRLSNLSGLKNDYSKRTMGLIVSDIGTIVWGTTAALSKGYVRVIFFLMGLCYGIYTFFNAAKVYIEAYHTVPKGRCRQVVTGMAWLFFVSWGSYPILWAVGPEGLLKLSVAGSTIGHTIADLLSKNIWGLLGHFLRIKIHEHILIHGDIRKTTKMEIGGEEVEVEEFVEEE,-0.797617321459,-2.93424402597,0.697278911565,0.639455782313,0.639455782313,-1,-1,-1,-1.0,-1.0
68,c81,1.22216162367,0.0558921565332,0.0777489317034,0.020871507606,0.00174200932538,0.000767895983911,0.0405703048337,0.0135307409613,0102221111,1,EYHAPAGYQVNPPYHPVHGYE---EQCSSIYIYYGTNAEKLAANILQWIAVFLSALFLAFYGWHAYKASVGWEEVYVCSVELIKVILEIYFEFTSPATVYLSTGNHAYCLRYFEWLLSCPVILIRLSNLSGLKNDYSKRTMGLIVSCVGMIVFGMAAGLATDWLKWLLYIVSCIYGGYMYFQAAKCYVEAYHTVPKGRCRQVVTGMAWLFFVSWGMFPILFILGPEGFGVLSVYGSTVGHTIIDLMSKNCWGLLGHYLRVLIHEHILIHGDIRKTTKLNIGGTEIEVETLVEDE,0.200621113599,-2.55427046817,0.673469387755,0.663265306122,0.639455782313,1,1,-1,-1.0,-1.0
69,c83,0.372384380092,0.0,0.0143950897181,0.0,7.43922849386e-05,0.0,0.0322408877231,0.0,0020211220,1,EYHAPAGYQVNPPYHPVHGYE---EQCSSIYIYYGALWEQETARGFQWFAFSIAIALLTFYGFSAWKATCGWEEVYVCCVEVLFVTLEIFKEFSSPAMLFLYGGNITPWLRYAEWLLSCPVILIRLSNLSGLKNDYSKRTMGLIVSDIGTIVWGTTAALSKGYVRVIFFLMGLCYGIYTFFNAAKVYIEAYHTVPKGRCRQVVTGMAWLFFVSWGSYPILWAVGPEGLLKLSPYANSIGHSICDIIAKEFWTFLAHHLRIKIHEHIIMYGDIRRPVSSQFLGRKVDVLAFVTEE,-0.987828678358,-4.24086812235,0.659863945578,0.56462585034,0.676870748299,-1,-1,-1,-1.0,-1.0
70,c84,0.485162277569,0.0524037141499,0.0430370731574,0.018725292721,0.00382059711894,0.00123820062444,0.058128382885,0.00910468701288,0212020212,1,EYHAPAGYQVNPPYHPVHGYE---EQCSSIYIYYGTPGEKIGAQVCQWITFALSALCLMFYGYQTWKSTCGWEEIYVATIEMIKFIIEYFHEFDSPATVYLSTGNHAYCLRYFEWLLTCPVILIHLSNITGLSEAYNKRTMALLVSCVGMIVFGMAAGLATDWLKWLLYIVSCIYGGYMYFQAAKCYVESYYIMPAGGCKKLVLAMTAVYYSSWGSYPILWAVGPEGLLKLSVYGSTVGHTIIDLMSKNCWGLLGHYLRVLIHEHILIHGDIRKTTKMEIGGEEVEVEEFVEEE,-0.723271851083,-3.14569336829,0.676870748299,0.612244897959,0.649659863946,-1,-1,-1,-1.0,-1.0
71,c85,0.963473525876,0.0648922130404,0.0553469404106,0.0145013675069,0.00182940032144,0.000988198839465,0.0423371400852,0.0157038362948,2100210112,1,GFDELAKGAVVPEDHFVCGPA-DKCYCSAWLHSRGTNAEKLAANILQWIAVFLSALFLAFYGWHAYKASVGWEEVYVCSVELIKVILEIYFEFTSPAMLFLYGGNITPWLRYAEWLLSCPVILIRLSNLSGLKNDYSKRTMGLIVSDIGTIVWGTTAALSKGYVRVIFFLMGLCYGIYTFFNAAKVYIESYYIMPAGGCKKLVLAMTAVYYSSWGMFPILFILGPEGFGVLSVYGSTVGHTIIDLMSKNCWGLLGHYLRVLIHEHILIHGDIRKTTKMEIGGEEVEVEEFVEEE,-0.037210268541,-2.89413389849,0.62925170068,0.700680272109,0.670068027211,1,1,-1,-1.0,-1.0
72,c86,1.68855024863,0.552748931767,0.0668471593025,0.0293730891604,0.00183782554164,0.00106353687414,0.0263062050316,0.00372100372308,2210020121,1,GFDELAKGAVVPEDHFVCGPA-DKCYCSAWLHSRGTPGEKIGAQVCQWITFALSALCLMFYGYQTWKSTCGWEEIYVATIEMIKFIIEYFHEFDSPAMLFLYGGNITPWLRYAEWLLTCPVILIHLSNITGLSEAYNKRTMALLVSCVGMIVFGMAAGLATDWLKWLLYIVSCIYGGYMYFQAAKCYVESYYIMPAGGCKKLVLAMTAVYYSSWGMFPILFILGPEGFGVLSPYANSIGHSICDIIAKEFWTFLAHHLRIKIHEHILIHGDIRKTTKLNIGGTEIEVETLVEDE,0.523870319731,-2.70534646994,0.738095238095,0.625850340136,0.574829931973,1,1,-1,-1.0,-1.0
73,c87,1.02975324198,0.1238924626,0.0960984397441,0.0371762173424,0.00556452923354,0.00340687600341,0.067957206188,0.0353494618963,2100111220,1,GFDELAKGAVVPEDHFVCGPA-DKCYCSAWLHSRGTNAEKLAANILQWIAVFLSALFLAFYGWHAYKASVGWEEVYVCSVELIKVILEIYFEFTSPAMLFLYGGNITPWLRYAEWLLTCPVILIHLSNLTGLANDYNKRTMGLLVSDIGTIVWGTTAALSKGYVRVIFFLMGLCYGIYTFFNAAKVYIEAYHTVPKGRCRQVVTGMAWLFFVSWGSYPILWAVGPEGLLKLSPYANSIGHSICDIIAKEFWTFLAHHLRIKIHEHIIMYGDIRRPVSSQFLGRKVDVLAFVTEE,0.0293192026466,-2.34238219889,0.663265306122,0.646258503401,0.646258503401,1,1,-1,-1.0,-1.0
74,c88,,,,,,,,,0111110222,-1,EYHAPAGYQVNPPYHPVHGYE---EQCSSIYIYYGTNAEKLAANILQWITFALSALCLMFYGYQTWKSTCGWEEIYVATIEMIKFIIEYFHEFDEPAVIYSSNGNKTVWLRYAEWLLTCPVILIHLSNLTGLANDYNKRTMGLLVSDIGTIVWGTTAALSKGYVRVIFFLMGLCYGIYTFFNAAKVYIESYYIMPAGGCKKLVLAMTAVYYSSWGSYPILWAVGPEGLLKLSPYANSIGHSICDIIAKEFWTFLAHHLRIKIHEHILIHGDIRKTTKMEIGGEEVEVEEFVEEE,,,0.598639455782,0.721088435374,0.622448979592,-1,-1,-1,,
75,c89,,,,,,,,,0211202100,-1,EYHAPAGYQVNPPYHPVHGYE---EQCSSIYIYYGTPGEKIGAQVCQWITFALSALCLMFYGYQTWKSTCGWEEIYVATIEMIKFIIEYFHEFDEPAVIYSSNGNKTVWLRYAEWLLSCPVILIRLSNLSGLKNDYSKRTMGLIVSDLGTICMGVTAALATGWVKWLFYCIGLVYGTQTFYNAGIIYVEANHSVPKGHCRMVVKLMAYAYFASWGMFPILFILGPEGFGVLSVAGSTIGHTIADLLSKNIWGLLGHFLRIKIHEHIIMYGDIRRPVSSQFLGRKVDVLAFVTEE,,,0.571428571429,0.646258503401,0.744897959184,-1,-1,-1,,
76,c90,1.19991906362,0.247496864679,0.0886283089303,0.0103779620086,0.00772808058908,0.00188104224956,0.0527549715333,0.00844861741554,2202020111,1,GFDELAKGAVVPEDHFVCGPA-DKCYCSAWLHSRGTPGEKIGAQVCQWIAVFLSALFLAFYGWHAYKASVGWEEVYVCSVELIKVILEIYFEFTSPATVYLSTGNHAYCLRYFEWLLTCPVILIHLSNITGLSEAYNKRTMALLVSCVGMIVFGMAAGLATDWLKWLLYIVSCIYGGYMYFQAAKCYVESYYIMPAGGCKKLVLAMTAVYYSSWGMFPILFILGPEGFGVLSVYGSTVGHTIIDLMSKNCWGLLGHYLRVLIHEHILIHGDIRKTTKLNIGGTEIEVETLVEDE,0.182254107536,-2.42330395852,0.724489795918,0.605442176871,0.646258503401,1,1,-1,-1.0,-1.0
77,c92,0.246163702918,0.0135987965208,0.217590784223,0.106956538896,0.249933668403,0.183641762474,0.823708533144,0.48119406782,0221012201,1,EYHAPAGYQVNPPYHPVHGYE---EQCSSIYIYYGTPGEKIGAQVCQWIAFSIAIALLTFYGFSAWKATCGWEEVYVCCVEVLFVTLEIFKEFSEPAVIYSSNGNKTVWLRYAEWLLTCPVILIHLSNITGLSEAYNKRTMALLVSDIGTIVWGTTAALSKGYVRVIFFLMGLCYGIYTFFNAAKVYIEANHSVPKGHCRMVVKLMAYAYFASWGSYPILWAVGPEGLLKLSVAGSTIGHTIADLLSKNIWGLLGHFLRIKIHEHILIHGDIRKTTKLNIGGTEIEVETLVEDE,-1.40175850535,-1.52513911681,0.673469387755,0.676870748299,0.632653061224,-1,-1,1,1.0,1.0
78,c93,1.29146354249,0.0701581222442,1.12842949725,0.0734617362535,0.927911045102,0.320219524629,0.722847943271,0.187361481428,2012221002,1,GFDELAKGAVVPEDHFVCGPA-DKCYCSAWLHSRGALWEQETARGFQWFTFALSALCLMFYGYQTWKSTCGWEEIYVATIEMIKFIIEYFHEFDSPATVYLSTGNHAYCLRYFEWLLSCPVILIRLSNLSGLKNDYSKRTMGLIVSCVGMIVFGMAAGLATDWLKWLLYIVSCIYGGYMYFQAAKCYVEAYHTVPKGRCRQVVTGMAWLFFVSWLMFPGLFIFGPEGMHTLSVAGSTIGHTIADLLSKNIWGLLGHFLRIKIHEHILIHGDIRKTTKMEIGGEEVEVEEFVEEE,0.255776104344,0.120826840579,0.758503401361,0.656462585034,0.568027210884,1,1,1,1.0,1.0
79,c95,0.555728558306,0.170723903895,0.05351451433,0.0253888185306,0.00856255607203,0.0110198475077,0.0881868256059,0.0647226559385,2110201022,1,GFDELAKGAVVPEDHFVCGPA-DKCYCSAWLHSRGTNAEKLAANILQWITFALSALCLMFYGYQTWKSTCGWEEIYVATIEMIKFIIEYFHEFDSPAMLFLYGGNITPWLRYAEWLLSCPVILIRLSNLSGLKNDYSKRTMGLIVSDLGTICMGVTAALATGWVKWLFYCIGLVYGTQTFYNAGIIYVEAYHTVPKGRCRQVVTGMAWLFFVSWLMFPGLFIFGPEGMHTLSPYANSIGHSICDIIAKEFWTFLAHHLRIKIHEHILIHGDIRKTTKMEIGGEEVEVEEFVEEE,-0.587475308428,-2.92780236599,0.704081632653,0.683673469388,0.598639455782,-1,-1,-1,-1.0,-1.0
80,c96,1.57582472614,0.747660765584,0.891531684683,0.451132462374,0.44427533625,0.208279775145,0.413944615677,0.10043450039,2102121200,1,GFDELAKGAVVPEDHFVCGPA-DKCYCSAWLHSRGTNAEKLAANILQWIAVFLSALFLAFYGWHAYKASVGWEEVYVCSVELIKVILEIYFEFTSPATVYLSTGNHAYCLRYFEWLLTCPVILIHLSNLTGLANDYNKRTMGLLVSCVGMIVFGMAAGLATDWLKWLLYIVSCIYGGYMYFQAAKCYVEAYHTVPKGRCRQVVTGMAWLFFVSWGSYPILWAVGPEGLLKLSVAGSTIGHTIADLLSKNIWGLLGHFLRIKIHEHIIMYGDIRRPVSSQFLGRKVDVLAFVTEE,0.454778770873,-0.114814301443,0.738095238095,0.581632653061,0.65306122449,1,1,1,1.0,1.0
81,c97,,,,,,,,,0012200221,-1,EYHAPAGYQVNPPYHPVHGYE---EQCSSIYIYYGALWEQETARGFQWFTFALSALCLMFYGYQTWKSTCGWEEIYVATIEMIKFIIEYFHEFDSPATVYLSTGNHAYCLRYFEWLLSCPVILIRLSNLSGLKNDYSKRTMGLIVSDLGTICMGVTAALATGWVKWLFYCIGLVYGTQTFYNAGIIYVESYYIMPAGGCKKLVLAMTAVYYSSWGSYPILWAVGPEGLLKLSPYANSIGHSICDIIAKEFWTFLAHHLRIKIHEHILIHGDIRKTTKLNIGGTEIEVETLVEDE,,,0.62925170068,0.585034013605,0.697278911565,-1,-1,-1,,
82,c103,0.628162440397,0.237694030526,0.112666379432,0.0564427864335,0.0091354094449,0.00608421492047,0.150164521822,0.0947770876027,0120202011,1,EYHAPAGYQVNPPYHPVHGYE---EQCSSIYIYYGTNAEKLAANILQWIAFSIAIALLTFYGFSAWKATCGWEEVYVCCVEVLFVTLEIFKEFSSPAMLFLYGGNITPWLRYAEWLLSCPVILIRLSNLSGLKNDYSKRTMGLIVSDLGTICMGVTAALATGWVKWLFYCIGLVYGTQTFYNAGIIYVEANHSVPKGHCRMVVKLMAYAYFASWLMFPGLFIFGPEGMHTLSVYGSTVGHTIIDLMSKNCWGLLGHYLRVLIHEHILIHGDIRKTTKLNIGGTEIEVETLVEDE,-0.464956482909,-2.18332422159,0.65306122449,0.62925170068,0.707482993197,1,-1,-1,-1.0,-1.0
83,n1,0.778433688331,0.10364731871,0.662307289736,0.135535271185,0.559647882262,0.223305725807,0.639591791934,0.224710804776,0000001000,1,RMLFQTSYTLENNGSVICIPNNGQCFCLAWLKSNGALWEQETARGFQWFAVFLSALFLAFYGWHAYKASVGWEEVYVCSVELIKVILEIYFEFTEPAVIYSSGGNKTVWLRYAEWLLTCPVILIHLSNITGLSEAYNKRTMALLVSDLGTICMGVTAALATGWVKWLFYCIGLVYGTQTFYNAGIIYVESYYIMPAGGCKKLVLAMTAVYYSSWLMFPGLFIFGPEGMHTLSVAGSTIGHTIADLLSKNIWGLLGHFLRIKIHEHIIMYGDIRRPVSSQFLGRKVDVLAFVTEE,-0.250471470102,-0.412025646854,0.448979591837,0.622448979592,0.863945578231,1,1,1,1.0,1.0
84,n2,1.16821803193,0.202453943827,2.42069601315,0.856564472904,1.58538160513,0.590841297187,1.57983007282,0.350198046821,2222221222,1,RMLFQTSYTLENNGSVICIPNNGQCFCLAWLKSNGTPGEKIGAQVCQWIAFSIAIALLTFYGFSAWKATCGWEEVYVCCVEVLFVTLEIFKEFSEPAVIYSSTGNKTVCLRYFEWLLSCPVILIRLSNLSGLKNDYSKRTMGLIVSCVGMIVFGMAAGLATDWLKWLLYIVSCIYGGYMYFQAAKCYVEANHSVPKGHCRMVVKLMAYAYFASWGSYPILWAVGPEGLLKLSPYANSIGHSICDIIAKEFWTFLAHHLRIKIHEHILIHGDIRKTTKMEIGGEEVEVEEFVEEE,0.155479538158,0.884055107557,0.887755102041,0.619047619048,0.425170068027,1,1,1,1.0,1.0
85,n3,0.416016324842,0.010856404751,0.323955496385,0.0460352939273,0.0791962673415,0.00412975448062,0.393176299051,0.000921500648717,0111111111,1,RMLFQTSYTLENNGSVICIPNNGQCFCLAWLKSNGTNAEKLAANILQWITFALSALCLMFYGYQTWKSTCGWEEIYVATIEMIKFIIEYFHEFDEPAVIYSSNGNKTVWLRYAEWLLTCPVILIHLSNLTGLANDYNKRTMGLLVSDIGTIVWGTTAALSKGYVRVIFFLMGLCYGIYTFFNAAKVYIEAYHTVPKGRCRQVVTGMAWLFFVSWGMFPGLFIFGPEGMHTLSVYGSTVGHTIIDLMSKNCWGLLGHYLRVLIHEHILIHGDIRKTTKLNIGGTEIEVETLVEDE,-0.877030777082,-1.12714912946,0.503401360544,0.982993197279,0.503401360544,-1,-1,1,-1.0,1.0
86,n4,0.700288905967,0.313425224401,0.542829618309,0.13430750783,0.527639818066,0.310442796558,0.752446698967,0.400087645922,1011111111,1,RMLFQTSYTLENNGSVICIPNNGQCFCLAWLKSNGALWEQETARGFQWFAFFLSALFLAFYGYQTWKSTCGWEEIYVATIEMIKFIIEYFHEFDEPAVIYSSNGNKTVWLRYAEWLLTCPVILIHLSNLTGLANDYNKRTMGLLVSDIGTIVWGTTAALSKGYVRVIFFLMGLCYGIYTFFNAAKVYIEAYHTVPKGRCRQVVTGMAWLFFVSWGMFPILFILGPEGFGVLSVAGSTIGHTIADLLSKNIWGLLGHYLRVLIHEHILIHGDIRKTTKLNIGGTEIEVETLVEDE,-0.356262306275,-0.610959786723,0.5,0.93537414966,0.551020408163,1,-1,1,1.0,1.0
87,n5,1.4959766096,0.152218078055,0.614255888714,0.125596602533,0.35759100308,0.100700066091,0.395358637743,0.110308928315,1101111111,1,RMLFQTSYTLENNGSVICIPNNGQCFCLAWLKSNGTNAEKLAANILQWITVALSALCLMFYGWHAYKASVGWEEVYVCSVELIKVILEIYFEFTEPAVIYSSNGNKTVWLRYAEWLLTCPVILIHLSNLTGLANDYNKRTMGLLVSDIGTIVWGTTAALSKGYVRVIFFLMGLCYGIYTFFNAAKVYIEAYHTVPKGRCRQVVTGMAWLFFVSWGMFPILFILGPEGFGVLSVYGSTVGHTIIDLMSKNCWGLLGHYLRVLIHEHILIHGDIRKTTKLNIGGTEIEVETLVEDE,0.402779244136,-0.487343680791,0.517006802721,0.93537414966,0.551020408163,1,1,1,1.0,1.0
88,n6,1.24183524857,0.261722842333,1.09680475107,0.184953703452,1.00614891759,0.302115215322,0.93722300972,0.260414718832,1110111111,1,RMLFQTSYTLENNGSVICIPNNGQCFCLAWLKSNGTNAEKLAANILQWITFALSALCLMFYGYQTWKSTCGWEEIYVATIEMIKFIIEYFHEFDEPAVIYSSNGNKTVWLRYAEWLLTCPVILIHLSNLTGLSEAYNKRTMGLLVSDIGTIVWGTTAALSKGYVRVIFFLMGLCYGIYTFFNAAKVYIEAYHTVPKGRCRQVVTGMAWLFFVSWGMFPILFILGPEGFGVLSVYGSTVGHTIIDLMSKNCWGLLGHYLRVLIHEHILIHGDIRKTTKLNIGGTEIEVETLVEDE,0.216590324608,0.0924011810126,0.5,0.989795918367,0.496598639456,1,1,1,1.0,1.0
89,n7,0.730433708086,0.202847463157,0.419995351361,0.0474209568573,0.517088120879,0.192467841296,0.621566198945,0.225834612834,1111011111,1,RMLFQTSYTLENNGSVICIPNNGQCFCLAWLKSNGTNAEKLAANILQWITFALSALCLMFYGYQTWKSTCGWEEIYVATIEMIKFIIEYFHEFDEPAVIYSSNGNKTVWLRYAEWLLTCPVILIHLSNITGLANDYNKRTMGLLVSDIGTIVWGTTAALSKGYVRVIFFLMGLCYGIYTFFNAAKVYIESYYIMPKGRCRQVVTGMAWLFFVSWGMFPILFILGPEGFGVLSVYGSTVGHTIIDLMSKNCWGLLGHYLRVLIHEHIIMYGDIRRPVSSQFLGRKVDVLAFVTEE,-0.314116800594,-0.867511635954,0.459183673469,0.914965986395,0.571428571429,1,1,1,1.0,1.0
90,n8,0.915912260234,0.055669885189,0.0612198848968,0.00661595189387,0.0028545396292,0.00132243441304,0.05829398574,0.0135981277793,1111101111,1,RMLFQTSYTLENNGSVICIPNNGQCFCLAWLKSNGTNAEKLAANILQWITFALSALCLMFYGYQTWKSTCGWEEIYVATIEMIKFIIEYFHEFDEPAVIYSSNGNKTVWLRYAEWLLTCPVILIHLSNLTGLANDYNKRTMGLLVSDIGTIVWGTTAALSKGYVRVIFFLMGLCYGIYTFFNAAKVYIEAYHTVPAGGCKKLVLAMTAVYYSSWLMFPILFILGPEGFGVLSVYGSTVGHTIIDLMSKNCWGLLGHFLRIKIHEHILIHGDIRKTTKLNIGGTEIEVETLVEDE,-0.0878347046665,-2.79328322562,0.496598639456,0.942176870748,0.544217687075,1,1,-1,-1.0,-1.0
91,n9,1.24734105384,0.138772688699,0.176982248833,0.0535813292981,0.03226365639,0.00498280195726,0.098022780979,0.01909181453,1111111011,1,RMLFQTSYTLENNGSVICIPNNGQCFCLAWLKSNGTNAEKLAANILQWITFALSALCLMFYGYQTWKSTCGWEEIYVATIEMIKFIIEYFHEFDEPAVIYSSNGNKTVWLRYAEWLLTCPVILIHLSNLTGLANDYNKRTMGLLVSDLGTICMGVTAALSKGYVRVIFFLMGLCYGIYTFFNAAKVYIEAYHTVPKGRCRQVVTGMAWLFFVSWGMFPILFILGPEGFGVLSVYGSTVGHTIIDLMSKNCWGLLGHYLRVLIHEHILIHGDIRKTTKLNIGGTEIEVETLVEDE,0.221014128774,-1.73170584052,0.503401360544,0.986394557823,0.5,1,1,1,-1.0,-1.0
92,n10,1.37848317697,0.359328199581,0.691435854262,0.0740148207254,0.63192771772,0.198269693168,0.643819713467,0.24362694032,1111111101,1,RMLFQTSYTLENNGSVICIPNNGQCFCLAWLKSNGTNAEKLAANILQWITFALSALCLMFYGYQTWKSTCGWEEIYVATIEMIKFIIEYFHEFDEPAVIYSSGGNKTVWLRYAEWLLTCPVILIHLSNLTGLANDYNKRTMGLLVSDIGTIVWGTTAALATGWVKWLFYCIGLVYGIYTFFNAAKVYIEAYHTVPKGRCRQVVTGMAWLFFVSWGMFPILFILGPEGFGVLSVYGSTVGHTIIDLMSKNCWGLLGHYLRVLIHEHILIHGDIRKTTKLNIGGTEIEVETLVEDE,0.320983747541,-0.368984895359,0.530612244898,0.962585034014,0.52380952381,1,1,1,1.0,1.0
93,n11,0.7749854776,0.259427540113,0.910927404908,0.24522567973,1.20489024251,0.282457486671,1.08986496017,0.218598839809,1111111110,1,RMLFQTSYTLENNGSVICIPNNGQCFCLAWLKSNGTNAEKLAANILQWITFALSALCLMFYGYQTWKSTCGWEEIYVATIEMIKFIIEYFHEFDEPAVIYSSNGNKTVWLRYAEWLLTCPVILIHLSNLTGLANDYNKRTMALLVSDIGTIVWGTTAALSKGYVRVIFFLMGLCYGTQTFYNAGIIYVEAYHTVPKGRCRQVVTGMAWLFFVSWGMFPILFILGPEGFGVLSVYGSTVGHTIIDLMSKNCWGLLGHYLRVLIHEHILIHGDIRKTTKLNIGGTEIEVETLVEDE,-0.254910988385,-0.0932920721553,0.493197278912,0.972789115646,0.513605442177,1,1,1,1.0,1.0
94,n12,,,,,,,,,2111111111,-1,RMLFQTSYTLENNGSVICIPNNGQCFCLAWLKSNGTNAEKLAANILQWITFALSALCLMFYGYQTWKSTCGWEEIYVATIEMIKFIIEYFHEFDEPAVIYSSNGNKTVWLRYAEWLLTCPVILIHLSNLTGLANDYNKRTMGLLVSDIGTIVWGTTAALSKGYVRVIFFLMGLCYGIYTFFNAAKVYIEAYHTVPKGRCRQVVTGMAWLFFVSWGMFPILWAVGPEGLLKLSVYGSTVGHTIIDLMSKNCWGLLGHYLRVLIHEHILIHGDIRKTTKLNIGGTEIEVETLVEDE,,,0.527210884354,0.979591836735,0.479591836735,-1,-1,-1,,
95,n13,1.03075330519,0.135151330628,1.35731775067,0.163336980768,1.1905128608,0.165756889483,1.13222530443,0.0886743752417,1211111111,1,RMLFQTSYTLENNGSVICIPNNGQCFCLAWLKSNGTPGEKIGAQVCQWIAFSIAIALLTFYGYQTWKSTCGWEEIYVATIEMIKFIIEYFHEFDEPAVIYSSNGNKTVWLRYAEWLLTCPVILIRLSNLTGLANDYNKRTMGLLVSDIGTIVWGTTAALSKGYVRVIFFLMGLCYGIYTFFNAAKVYIEAYHTVPKGRCRQVVTGMAWLFFVSWGSYPILFILGPEGFGVLSPYANSIGHSICDIIAKEFWTFLAHYLRVLIHEHILIHGDIRKTTKLNIGGTEIEVETLVEDE,0.0302898991872,0.305510510163,0.619047619048,0.887755102041,0.431972789116,1,1,1,1.0,1.0
96,n14,1.29957918207,0.395252925678,0.264677382677,0.0796604670383,0.114355882917,0.0380251535362,0.192851634031,0.0749295980326,1121111111,1,RMLFQTSYTLENNGSVICIPNNGQCFCLAWLKSNGTNAEKLAANILQWITFALSALCLMFYGFSAWKATCGWEEVYVCCVEVLFVTLEIFKEFSEPAVIYSSNGNKTVWLRYAEWLLSCPVILIHLSNLTGLANDYNKRTMGLLVSDIGTIVWGTTAALSKGYVRVIFFLMGLCYGIYTFFNAAKVYIEAYHTVPKGRCRQVVTGMAWLFFVSWGMFPILFILGPEGFGVLSVYGSTVGHTIIDLMSKNCWGLLGHYLRVLIHEHILIHGDIRKTTKLNIGGTEIEVETLVEDE,0.262040505963,-1.32924361852,0.568027210884,0.938775510204,0.5,1,1,1,-1.0,-1.0
97,n15,1.21336845677,0.0856506095109,0.486912448153,0.055623436629,0.386574086257,0.117193852633,0.328649790199,0.0577570407877,1112111111,1,RMLFQTSYTLENNGSVICIPNNGQCFCLAWLKSNGTNAEKLAANILQWITFALSALCLMFYGYQTWKSTCGWEEIYVATIEMIKFIIEYFHEFDEPAVIYSSNGNKTVWLRYAEWLLTCPVILIHLSNLTGLKNDYSKRTMGLLVSDIGTIVWGTTAALSKGYVRVIFFLMGLCYGIYTFFNAAKVYIEAYHTVPKGRCRQVVTGMAWLFFVSWGMFPILFILGPEGFGVLSVYGSTVGHTIIDLMSKNCWGLLGHYLRVLIHEHILIHGDIRKTTKLNIGGTEIEVETLVEDE,0.193400340449,-0.719670949981,0.513605442177,0.993197278912,0.482993197279,1,1,1,1.0,-1.0
98,n16,0.608989170988,0.0,0.0455436209696,0.0,0.00305716521875,0.0,0.0528761510536,0.0,1111211111,1,RMLFQTSYTLENNGSVICIPNNGQCFCLAWLKSNGTNAEKLAANILQWITFALSALCLMFYGYQTWKSTCGWEEIYVATIEMIKFIIEYFHEFDEPAVIYSSNGNKTVWLRYAEWLLTCPVILIHLSNLSGLANDYNKRTMGLLVSDIGTIVWGTTAALSKGYVRVIFFLMGLCYGIYTFFNAAKVYIEANHSVPKGRCRQVVTGMAWLFFVSWGMFPILFILGPEGFGVLSVYGSTVGHTIIDLMSKNCWGLLGHYLRVLIHEHILIHGDIRKTTKMEIGGEEVEVEEFVEEE,-0.495954793059,-3.08908470966,0.540816326531,0.965986394558,0.489795918367,-1,-1,-1,-1.0,-1.0
99,n17,0.78249884538,0.012590349969,0.186506579871,0.0432276075844,0.0167318513795,0.00412039502971,0.172190662296,0.0323079183884,1111121111,1,RMLFQTSYTLENNGSVICIPNNGQCFCLAWLKSNGTNAEKLAANILQWITFALSALCLMFYGYQTWKSTCGWEEIYVATIEMIKFIIEYFHEFDEPAVIYSSNGNKTVWLRYAEWLLTCPVILIHLSNLTGLANDYNKRTMGLLVSDIGTIVWGTTAALSKGYVRVIFFLMGLCYGIYTFFNAAKVYIEAYHTVPKGHCRMVVKLMAYAYFASWGMFPILFILGPEGFGVLSVYGSTVGHTIIDLMSKNCWGLLGHHLRIKIHEHILIHGDIRKTTKLNIGGTEIEVETLVEDE,-0.245262832122,-1.67928875971,0.544217687075,0.962585034014,0.496598639456,1,1,1,-1.0,-1.0
100,n18,0.676093682075,0.355007660615,0.351881685232,0.0330768137499,0.473091689893,0.361583642505,0.723850758149,0.57775508317,1111111211,1,RMLFQTSYTLENNGSVICIPNNGQCFCLAWLKSNGTNAEKLAANILQWITFALSALCLMFYGYQTWKSTCGWEEIYVATIEMIKFIIEYFHEFDEPAVIYSSNGNKTVCLRYFEWLLTCPVILIHLSNLTGLANDYNKRTMGLIVSCVGMIVFGMAAGLSKGYVRVIFFLMGLCYGIYTFFNAAKVYIEAYHTVPKGRCRQVVTGMAWLFFVSWGMFPILFILGPEGFGVLSVYGSTVGHTIIDLMSKNCWGLLGHYLRVLIHEHILIHGDIRKTTKLNIGGTEIEVETLVEDE,-0.39142362959,-1.04446028139,0.540816326531,0.965986394558,0.462585034014,1,-1,1,1.0,1.0
101,n19,1.16942565815,0.290767260703,0.380973569496,0.0649993273079,0.273214576473,0.118859177996,0.319888801763,0.1271703076,1111111121,1,RMLFQTSYTLENNGSVICIPNNGQCFCLAWLKSNGTNAEKLAANILQWITFALSALCLMFYGYQTWKSTCGWEEIYVATIEMIKFIIEYFHEFDEPAVIYSSTGNKTVWLRYAEWLLTCPVILIHLSNLTGLANDYNKRTMGLLVSDIGTIVWGTTAALATDWLKWLLYIVSCIYGIYTFFNAAKVYIEAYHTVPKGRCRQVVTGMAWLFFVSWGMFPILFILGPEGFGVLSVYGSTVGHTIIDLMSKNCWGLLGHYLRVLIHEHILIHGDIRKTTKLNIGGTEIEVETLVEDE,0.156512737813,-0.965025277663,0.561224489796,0.945578231293,0.493197278912,1,1,1,1.0,-1.0
102,n20,1.14800301527,0.0968669679391,0.720072683646,0.108870691363,0.64442497562,0.250283009083,0.554333655432,0.140314611436,1111111112,1,RMLFQTSYTLENNGSVICIPNNGQCFCLAWLKSNGTNAEKLAANILQWITFALSALCLMFYGYQTWKSTCGWEEIYVATIEMIKFIIEYFHEFDEPAVIYSSNGNKTVWLRYAEWLLTCPVILIHLSNLTGLANDYNKRTMGLLVSDIGTIVWGTTAALSKGYVRVIFFLMGLCYGGYMYFQAAKCYVEAYHTVPKGRCRQVVTGMAWLFFVSWGMFPILFILGPEGFGVLSVYGSTVGHTIIDLMSKNCWGLLGHYLRVLIHEHILIHGDIRKTTKLNIGGTEIEVETLVEDE,0.138023924436,-0.328403122559,0.527210884354,0.979591836735,0.479591836735,1,1,1,1.0,1.0
103,n21,1.00250740746,0.282965118609,0.53279319628,0.0670996475806,0.299954871096,0.102980365845,0.384365553521,0.131780385546,2212111212,1,RMLFQTSYTLENNGSVICIPNNGQCFCLAWLKSNGTPGEKIGAQVCQWIAFSIAIALLTFYGYQTWKSTCGWEEIYVATIEMIKFIIEYFHEFDEPAVIYSSNGNKTVCLRYFEWLLTCPVILIRLSNLTGLKNDYSKRTMGLIVSCVGMIVFGMAAGLSKGYVRVIFFLMGLCYGGYMYFQAAKCYVEAYHTVPKGRCRQVVTGMAWLFFVSWGSYPILWAVGPEGLLKLSPYANSIGHSICDIIAKEFWTFLAHYLRVLIHEHILIHGDIRKTTKLNIGGTEIEVETLVEDE,0.00250426915882,-0.629621929582,0.700680272109,0.80612244898,0.391156462585,1,1,1,1.0,1.0
104,n22,0.811580358133,0.0,0.114610498254,0.0,0.00813056952606,0.0,0.0865281298502,0.0,1121221121,1,RMLFQTSYTLENNGSVICIPNNGQCFCLAWLKSNGTNAEKLAANILQWITFALSALCLMFYGFSAWKATCGWEEVYVCCVEVLFVTLEIFKEFSEPAVIYSSTGNKTVWLRYAEWLLSCPVILIHLSNLSGLANDYNKRTMGLLVSDIGTIVWGTTAALATDWLKWLLYIVSCIYGIYTFFNAAKVYIEANHSVPKGHCRMVVKLMAYAYFASWGMFPILFILGPEGFGVLSVYGSTVGHTIIDLMSKNCWGLLGHHLRIKIHEHILIHGDIRKTTKMEIGGEEVEVEEFVEEE,-0.208771872737,-2.1662158711,0.69387755102,0.812925170068,0.520408163265,1,1,-1,-1.0,-1.0
105,n23,0.193690310703,0.0136273509434,0.118954218094,0.0442463310447,0.0646687467966,0.0289284210814,0.400062557167,0.0584862714405,0220021220,1,RMLFQTSYTLENNGSVICIPNNGQCFCLAWLKSNGTPGEKIGAQVCQWIAFSIAIALLTFYGFSAWKATCGWEEVYVCCVEVLFVTLEIFKEFSEPAVIYSSTGNKTVCLRYFEWLLSCPVILIRLSNITGLSEAYNKRTMALIVSCVGMIVFGMAAGLATDWLKWLLYIVSCIYGTQTFYNAGIIYVESYYIMPKGHCRMVVKLMAYAYFASWGSYPGLFIFGPEGMHTLSPYANSIGHSICDIIAKEFWTFLAHHLRIKIHEHIIMYGDIRRPVSSQFLGRKVDVLAFVTEE,-1.641494732,-2.12901658179,0.734693877551,0.561224489796,0.578231292517,-1,-1,-1,-1.0,1.0
106,n24,1.12284639376,0.392585068438,0.243261955436,0.0158015456905,0.148261648409,0.0831766900782,0.267261269095,0.140672903718,2112001222,1,RMLFQTSYTLENNGSVICIPNNGQCFCLAWLKSNGTNAEKLAANILQWITFALSALCLMFYGYQTWKSTCGWEEIYVATIEMIKFIIEYFHEFDEPAVIYSSTGNKTVCLRYFEWLLTCPVILIHLSNITGLKNDYSKRTMGLIVSCVGMIVFGMAAGLATDWLKWLLYIVSCIYGGYMYFQAAKCYVESYYIMPAGGCKKLVLAMTAVYYSSWLMFPILWAVGPEGLLKLSVYGSTVGHTIIDLMSKNCWGLLGHFLRIKIHEHIIMYGDIRRPVSSQFLGRKVDVLAFVTEE,0.115866884353,-1.41361641036,0.585034013605,0.721088435374,0.595238095238,1,1,1,1.0,-1.0
107,n28,0.657626826993,0.0825443858708,0.0600176217323,0.0177940439454,0.00444102632435,0.00209814905789,0.0647744049388,0.0104860461399,1100101210,1,RMLFQTSYTLENNGSVICIPNNGQCFCLAWLKSNGTNAEKLAANILQWITVALSALCLMFYGWHAYKASVGWEEVYVCSVELIKVILEIYFEFTEPAVIYSSNGNKTVCLRYFEWLLTCPVILIHLSNLTGLSEAYNKRTMALIVSCVGMIVFGMAAGLSKGYVRVIFFLMGLCYGTQTFYNAGIIYVEAYHTVPAGGCKKLVLAMTAVYYSSWLMFPILFILGPEGFGVLSVYGSTVGHTIIDLMSKNCWGLLGHFLRIKIHEHILIHGDIRKTTKLNIGGTEIEVETLVEDE,-0.419117640767,-2.81311706434,0.520408163265,0.80612244898,0.622448979592,1,-1,-1,-1.0,-1.0
108,n29,0.482485720249,0.117294963553,0.0508898573693,0.0213377806423,0.00326636836662,0.00261990903516,0.076465794138,0.039614888255,2012221110,1,RMLFQTSYTLENNGSVICIPNNGQCFCLAWLKSNGALWEQETARGFQWFAFFLSALFLAFYGYQTWKSTCGWEEIYVATIEMIKFIIEYFHEFDEPAVIYSSNGNKTVWLRYAEWLLTCPVILIHLSNLSGLKNDYSKRTMALLVSDIGTIVWGTTAALSKGYVRVIFFLMGLCYGTQTFYNAGIIYVEANHSVPKGHCRMVVKLMAYAYFASWGMFPILWAVGPEGLLKLSVAGSTIGHTIADLLSKNIWGLLGHHLRIKIHEHILIHGDIRKTTKMEIGGEEVEVEEFVEEE,-0.72880395398,-2.97809164111,0.585034013605,0.809523809524,0.581632653061,-1,-1,-1,-1.0,-1.0
109,n32,1.01600988662,0.387253780666,0.0970488372898,0.0474583893368,0.00486502807081,0.00457595470022,0.0584411199568,0.0157641316506,0000211222,1,RMLFQTSYTLENNGSVICIPNNGQCFCLAWLKSNGALWEQETARGFQWFAVFLSALFLAFYGWHAYKASVGWEEVYVCSVELIKVILEIYFEFTEPAVIYSSTGNKTVCLRYFEWLLTCPVILIHLSNLSGLSEAYNKRTMGLIVSCVGMIVFGMAAGLATDWLKWLLYIVSCIYGGYMYFQAAKCYVEANHSVPKGRCRQVVTGMAWLFFVSWGMFPGLFIFGPEGMHTLSVAGSTIGHTIADLLSKNIWGLLGHYLRVLIHEHILIHGDIRKTTKMEIGGEEVEVEEFVEEE,0.0158830800341,-2.33254094997,0.642857142857,0.700680272109,0.622448979592,1,1,-1,-1.0,-1.0
110,n34,0.878463007756,0.0308251678552,0.127464252998,0.0209892355571,0.00655220338572,0.000438762635866,0.0819508667885,0.00354562327607,2002111120,1,RMLFQTSYTLENNGSVICIPNNGQCFCLAWLKSNGALWEQETARGFQWFAVFLSALFLAFYGWHAYKASVGWEEVYVCSVELIKVILEIYFEFTEPAVIYSSTGNKTVWLRYAEWLLTCPVILIHLSNLTGLKNDYSKRTMALLVSDIGTIVWGTTAALATDWLKWLLYIVSCIYGTQTFYNAGIIYVEAYHTVPKGRCRQVVTGMAWLFFVSWGMFPILWAVGPEGLLKLSVAGSTIGHTIADLLSKNIWGLLGHYLRVLIHEHILIHGDIRKTTKLNIGGTEIEVETLVEDE,-0.129581480658,-2.05991932234,0.578231292517,0.761904761905,0.639455782313,1,1,-1,-1.0,-1.0
111,n35,0.326826175715,0.0916704675127,0.0308103795098,0.00786340586847,0.00289305417096,0.00196379844733,0.0660754119387,0.0138612066957,2220201020,1,RMLFQTSYTLENNGSVICIPNNGQCFCLAWLKSNGTPGEKIGAQVCQWIAFSIAIALLTFYGFSAWKATCGWEEVYVCCVEVLFVTLEIFKEFSEPAVIYSSTGNKTVWLRYAEWLLSCPVILIRLSNLSGLSEAYNKRTMALLVSDLGTICMGVTAALATDWLKWLLYIVSCIYGTQTFYNAGIIYVEANHSVPAGGCKKLVLAMTAVYYSSWLSYPILWAVGPEGLLKLSPYANSIGHSICDIIAKEFWTFLAHFLRIKIHEHILIHGDIRKTTKMEIGGEEVEVEEFVEEE,-1.11832682216,-3.4799036487,0.755102040816,0.608843537415,0.557823129252,-1,-1,-1,-1.0,-1.0
112,n36,0.340230296304,0.0182638758977,0.372318480465,0.0349771595515,0.557067275198,0.0806976848306,0.827856423895,0.0827328245701,1000000000,1,EYHAPAGYQVNPPYHPVHGYE---EQCSSIYIYYGALWEQETARGFQWFAVFLSALFLAFYGWHAYKASVGWEEVYVCSVELIKVILEIYFEFTSPAMLFLYGGNITPWLRYAEWLLTCPVILIHLSNITGLSEAYNKRTMALLVSDLGTICMGVTAALATGWVKWLFYCIGLVYGTQTFYNAGIIYVESYYIMPAGGCKKLVLAMTAVYYSSWLMFPILFILGPEGFGVLSVAGSTIGHTIADLLSKNIWGLLGHFLRIKIHEHIIMYGDIRRPVSSQFLGRKVDVLAFVTEE,-1.07813254859,-0.988005660697,0.455782312925,0.503401360544,0.982993197279,-1,-1,1,1.0,1.0
113,n37,0.227827492713,0.0119795553235,0.0703955153269,0.0417250809184,0.00819623177924,0.00647326647071,0.203601129716,0.124553001304,0100000000,1,EYHAPAGYQVNPPYHPVHGYE---EQCSSIYIYYGTNAEKLAANILQWITVALSALCLMFYGWHAYKASVGWEEVYVCSVELIKVILEIYFEFTSPAMLFLYGGNITPWLRYAEWLLTCPVILIHLSNITGLSEAYNKRTMALLVSDLGTICMGVTAALATGWVKWLFYCIGLVYGTQTFYNAGIIYVESYYIMPAGGCKKLVLAMTAVYYSSWLMFPGLFIFGPEGMHTLSVYGSTVGHTIIDLMSKNCWGLLGHFLRIKIHEHIIMYGDIRRPVSSQFLGRKVDVLAFVTEE,-1.47916654731,-2.65362572059,0.459183673469,0.551020408163,0.93537414966,-1,-1,-1,-1.0,-1.0
114,n38,0.201917495877,0.099106679046,0.296499191479,0.102442342401,0.938131706243,0.633606299543,1.25058194251,0.440938411658,0010000000,1,EYHAPAGYQVNPPYHPVHGYE---EQCSSIYIYYGALWEQETARGFQWFAFFLSALFLAFYGYQTWKSTCGWEEIYVATIEMIKFIIEYFHEFDSPAMLFLYGGNITPWLRYAEWLLTCPVILIHLSNITGLSEAYNKRTMALLVSDLGTICMGVTAALATGWVKWLFYCIGLVYGTQTFYNAGIIYVESYYIMPAGGCKKLVLAMTAVYYSSWLMFPGLFIFGPEGMHTLSVAGSTIGHTIADLLSKNIWGLLGHFLRIKIHEHIIMYGDIRRPVSSQFLGRKVDVLAFVTEE,-1.59989610127,-1.21571078743,0.442176870748,0.551020408163,0.93537414966,-1,-1,1,1.0,1.0
115,n40,0.320339595291,0.0395844800467,0.728209140147,0.305808625144,1.35925712985,0.231937232873,1.4963898011,0.1889118539,0000100000,1,EYHAPAGYQVNPPYHPVHGYE---EQCSSIYIYYGALWEQETARGFQWFAVFLSALFLAFYGWHAYKASVGWEEVYVCSVELIKVILEIYFEFTSPAMLFLYGGNITPWLRYAEWLLTCPVILIHLSNLTGLSEAYNKRTMALLVSDLGTICMGVTAALATGWVKWLFYCIGLVYGTQTFYNAGIIYVEAYHTVPAGGCKKLVLAMTAVYYSSWLMFPGLFIFGPEGMHTLSVAGSTIGHTIADLLSKNIWGLLGHFLRIKIHEHILIHGDIRKTTKLNIGGTEIEVETLVEDE,-1.13837361062,-0.317166991621,0.5,0.571428571429,0.914965986395,-1,-1,1,1.0,1.0
116,n41,0.178786431782,0.0278915749086,0.424370772597,0.116030896043,1.29668267471,0.344071535895,1.65193839454,0.357863361403,0000010000,1,EYHAPAGYQVNPPYHPVHGYE---EQCSSIYIYYGALWEQETARGFQWFAVFLSALFLAFYGWHAYKASVGWEEVYVCSVELIKVILEIYFEFTSPAMLFLYGGNITPWLRYAEWLLTCPVILIHLSNITGLSEAYNKRTMALLVSDLGTICMGVTAALATGWVKWLFYCIGLVYGTQTFYNAGIIYVESYYIMPKGRCRQVVTGMAWLFFVSWGMFPGLFIFGPEGMHTLSVAGSTIGHTIADLLSKNIWGLLGHYLRVLIHEHIIMYGDIRRPVSSQFLGRKVDVLAFVTEE,-1.72156330401,-0.857147742199,0.462585034014,0.544217687075,0.942176870748,-1,-1,1,1.0,1.0
117,n42,0.210613871552,0.0462197218495,0.608166613388,0.286474534707,1.56906472057,0.542291802829,1.90727480176,0.441550027601,0000000100,1,EYHAPAGYQVNPPYHPVHGYE---EQCSSIYIYYGALWEQETARGFQWFAVFLSALFLAFYGWHAYKASVGWEEVYVCSVELIKVILEIYFEFTSPAMLFLYGGNITPWLRYAEWLLTCPVILIHLSNITGLSEAYNKRTMALLVSDIGTIVWGTTAALATGWVKWLFYCIGLVYGTQTFYNAGIIYVESYYIMPAGGCKKLVLAMTAVYYSSWLMFPGLFIFGPEGMHTLSVAGSTIGHTIADLLSKNIWGLLGHFLRIKIHEHIIMYGDIRRPVSSQFLGRKVDVLAFVTEE,-1.55772881463,-0.497306399379,0.455782312925,0.5,0.986394557823,-1,-1,1,1.0,1.0
118,n43,0.19230792543,0.0485250579856,0.445968741166,0.111926728541,1.03595963715,0.169935435106,1.46504197482,0.223021348896,0000000010,1,EYHAPAGYQVNPPYHPVHGYE---EQCSSIYIYYGALWEQETARGFQWFAVFLSALFLAFYGWHAYKASVGWEEVYVCSVELIKVILEIYFEFTSPAMLFLYNGNITPWLRYAEWLLTCPVILIHLSNITGLSEAYNKRTMALLVSDLGTICMGVTAALSKGYVRVIFFLMGLCYGTQTFYNAGIIYVESYYIMPAGGCKKLVLAMTAVYYSSWLMFPGLFIFGPEGMHTLSVAGSTIGHTIADLLSKNIWGLLGHFLRIKIHEHIIMYGDIRRPVSSQFLGRKVDVLAFVTEE,-1.64865741335,-0.80750641649,0.428571428571,0.52380952381,0.962585034014,-1,-1,1,1.0,1.0
119,n44,,,,,,,,,0000000001,-1,EYHAPAGYQVNPPYHPVHGYE---EQCSSIYIYYGALWEQETARGFQWFAVFLSALFLAFYGWHAYKASVGWEEVYVCSVELIKVILEIYFEFTSPAMLFLYGGNITPWLRYAEWLLTCPVILIHLSNITGLSEAYNKRTMGLLVSDLGTICMGVTAALATGWVKWLFYCIGLVYGIYTFFNAAKVYIESYYIMPAGGCKKLVLAMTAVYYSSWLMFPGLFIFGPEGMHTLSVAGSTIGHTIADLLSKNIWGLLGHFLRIKIHEHIIMYGDIRRPVSSQFLGRKVDVLAFVTEE,,,0.465986394558,0.513605442177,0.972789115646,-1,-1,-1,,
120,n45,0.328734870743,0.0382882292278,0.784144649935,0.360834735044,1.21021248897,0.376414418549,1.43404262315,0.25574668983,2000000000,1,EYHAPAGYQVNPPYHPVHGYE---EQCSSIYIYYGALWEQETARGFQWFAVFLSALFLAFYGWHAYKASVGWEEVYVCSVELIKVILEIYFEFTSPAMLFLYGGNITPWLRYAEWLLTCPVILIHLSNITGLSEAYNKRTMALLVSDLGTICMGVTAALATGWVKWLFYCIGLVYGTQTFYNAGIIYVESYYIMPAGGCKKLVLAMTAVYYSSWLMFPILWAVGPEGLLKLSVAGSTIGHTIADLLSKNIWGLLGHFLRIKIHEHIIMYGDIRRPVSSQFLGRKVDVLAFVTEE,-1.1125037171,-0.243161773182,0.47619047619,0.482993197279,0.97619047619,-1,-1,1,1.0,1.0
121,n46,0.252895825958,0.00242296169661,0.0877744159217,0.0351362645564,0.0331854974241,0.0237309909763,0.406140872879,0.191812970754,0200000000,1,EYHAPAGYQVNPPYHPVHGYE---EQCSSIYIYYGTPGEKIGAQVCQWIAVSIAIALLTFYGWHAYKASVGWEEVYVCSVELIKVILEIYFEFTSPAMLFLYGGNITPWLRYAEWLLTCPVILIRLSNITGLSEAYNKRTMALLVSDLGTICMGVTAALATGWVKWLFYCIGLVYGTQTFYNAGIIYVESYYIMPAGGCKKLVLAMTAVYYSSWLSYPGLFIFGPEGMHTLSPYANSIGHSICDIIAKEFWTFLAHFLRIKIHEHIIMYGDIRRPVSSQFLGRKVDVLAFVTEE,-1.37477763016,-2.43298521122,0.571428571429,0.438775510204,0.880952380952,-1,-1,-1,-1.0,1.0
122,n47,0.248215147648,0.028393704259,0.0223823171897,0.00281966337355,0.00199697885803,0.00145037352146,0.0674803418218,0.00418913132314,0020000000,1,EYHAPAGYQVNPPYHPVHGYE---EQCSSIYIYYGALWEQETARGFQWFAFFLSALFLAFYGFSAWKATCGWEEVYVCCVEVLFVTLEIFKEFSSPAMLFLYGGNITPWLRYAEWLLSCPVILIHLSNITGLSEAYNKRTMALLVSDLGTICMGVTAALATGWVKWLFYCIGLVYGTQTFYNAGIIYVESYYIMPAGGCKKLVLAMTAVYYSSWLMFPGLFIFGPEGMHTLSVAGSTIGHTIADLLSKNIWGLLGHFLRIKIHEHIIMYGDIRRPVSSQFLGRKVDVLAFVTEE,-1.39345937807,-3.79948404304,0.503401360544,0.489795918367,0.948979591837,-1,-1,-1,-1.0,-1.0
123,n48,0.179371570757,0.0326950230814,0.233043472946,0.132482157347,0.833592650048,0.662628773468,1.19291004052,0.784419489607,0002000000,1,EYHAPAGYQVNPPYHPVHGYE---EQCSSIYIYYGALWEQETARGFQWFAVFLSALFLAFYGWHAYKASVGWEEVYVCSVELIKVILEIYFEFTSPAMLFLYGGNITPWLRYAEWLLTCPVILIHLSNITGLKNDYSKRTMALLVSDLGTICMGVTAALATGWVKWLFYCIGLVYGTQTFYNAGIIYVESYYIMPAGGCKKLVLAMTAVYYSSWLMFPGLFIFGPEGMHTLSVAGSTIGHTIADLLSKNIWGLLGHFLRIKIHEHIIMYGDIRRPVSSQFLGRKVDVLAFVTEE,-1.71829581038,-1.45653026365,0.465986394558,0.489795918367,0.986394557823,-1,-1,1,1.0,1.0
124,n49,0.290962996252,0.10163608676,0.0406056523844,0.0363555612067,0.0139910454828,0.0144184730129,0.0975355125195,0.0726769275775,0000200000,1,EYHAPAGYQVNPPYHPVHGYE---EQCSSIYIYYGALWEQETARGFQWFAVFLSALFLAFYGWHAYKASVGWEEVYVCSVELIKVILEIYFEFTSPAMLFLYGGNITPWLRYAEWLLTCPVILIHLSNLSGLSEAYNKRTMALLVSDLGTICMGVTAALATGWVKWLFYCIGLVYGTQTFYNAGIIYVEANHSVPAGGCKKLVLAMTAVYYSSWLMFPGLFIFGPEGMHTLSVAGSTIGHTIADLLSKNIWGLLGHFLRIKIHEHILIHGDIRKTTKMEIGGEEVEVEEFVEEE,-1.23455918054,-3.20384800077,0.534013605442,0.537414965986,0.918367346939,-1,-1,-1,-1.0,-1.0
125,n50,0.212920178637,0.0411069374316,0.0128189432815,0.00387099906279,0.000193250715832,0.0,0.0468209964121,0.0194716861962,0000020000,1,EYHAPAGYQVNPPYHPVHGYE---EQCSSIYIYYGALWEQETARGFQWFAVFLSALFLAFYGWHAYKASVGWEEVYVCSVELIKVILEIYFEFTSPAMLFLYGGNITPWLRYAEWLLTCPVILIHLSNITGLSEAYNKRTMALLVSDLGTICMGVTAALATGWVKWLFYCIGLVYGTQTFYNAGIIYVESYYIMPKGHCRMVVKLMAYAYFASWGMFPGLFIFGPEGMHTLSVAGSTIGHTIADLLSKNIWGLLGHHLRIKIHEHIIMYGDIRRPVSSQFLGRKVDVLAFVTEE,-1.54683793169,-4.35683125823,0.5,0.506802721088,0.952380952381,-1,-1,-1,-1.0,-1.0
126,n51,0.716877750838,0.298526609273,1.27159456049,0.571281124339,1.29839145929,0.40552041029,1.32742855647,0.282668930803,0000002000,1,GFDELAKGAVVPEDHFVCGPA-DKCYCSAWLHSRGALWEQETARGFQWFAVFLSALFLAFYGWHAYKASVGWEEVYVCSVELIKVILEIYFEFTSPATVYLSGGNHAYWLRYAEWLLTCPVILIHLSNITGLSEAYNKRTMALLVSDLGTICMGVTAALATGWVKWLFYCIGLVYGTQTFYNAGIIYVESYYIMPAGGCKKLVLAMTAVYYSSWLMFPGLFIFGPEGMHTLSVAGSTIGHTIADLLSKNIWGLLGHFLRIKIHEHIIMYGDIRRPVSSQFLGRKVDVLAFVTEE,-0.332849953843,0.240271672356,0.561224489796,0.510204081633,0.891156462585,1,1,1,1.0,1.0
127,n52,0.292521613095,0.0445478752785,0.398211784588,0.246599309082,1.96110908176,2.42756222578,2.1215154859,2.29479185472,0000000200,1,EYHAPAGYQVNPPYHPVHGYE---EQCSSIYIYYGALWEQETARGFQWFAVFLSALFLAFYGWHAYKASVGWEEVYVCSVELIKVILEIYFEFTSPAMLFLYGGNITPCLRYFEWLLTCPVILIHLSNITGLSEAYNKRTMALIVSCVGMIVFGMAAGLATGWVKWLFYCIGLVYGTQTFYNAGIIYVESYYIMPAGGCKKLVLAMTAVYYSSWLMFPGLFIFGPEGMHTLSVAGSTIGHTIADLLSKNIWGLLGHFLRIKIHEHIIMYGDIRRPVSSQFLGRKVDVLAFVTEE,-1.22921672412,-0.920771293144,0.489795918367,0.465986394558,0.962585034014,-1,-1,1,1.0,1.0
128,n53,0.76260139953,0.517998350538,0.0689415280896,0.045982697533,0.0729244739796,0.0594664735445,0.426371014964,0.290222282352,0000000020,1,EYHAPAGYQVNPPYHPVHGYE---EQCSSIYIYYGALWEQETARGFQWFAVFLSALFLAFYGWHAYKASVGWEEVYVCSVELIKVILEIYFEFTSPAMLFLYTGNITPWLRYAEWLLTCPVILIHLSNITGLSEAYNKRTMALLVSDLGTICMGVTAALATDWLKWLLYIVSCIYGTQTFYNAGIIYVESYYIMPAGGCKKLVLAMTAVYYSSWLMFPGLFIFGPEGMHTLSVAGSTIGHTIADLLSKNIWGLLGHFLRIKIHEHIIMYGDIRRPVSSQFLGRKVDVLAFVTEE,-0.271019796352,-2.67449655264,0.482993197279,0.469387755102,0.969387755102,1,1,-1,-1.0,1.0
129,n56,0.629091205484,0.0477302657214,0.115014548383,0.0712851290768,0.0216841321748,0.0173270418199,0.0977320945343,0.0572485348969,2022222222,1,GFDELAKGAVVPEDHFVCGPA-DKCYCSAWLHSRGALWEQETARGFQWFAFFLSALFLAFYGFSAWKATCGWEEVYVCCVEVLFVTLEIFKEFSSPATVYLSTGNHAYCLRYFEWLLSCPVILIHLSNLSGLKNDYSKRTMGLIVSCVGMIVFGMAAGLATDWLKWLLYIVSCIYGGYMYFQAAKCYVEANHSVPKGHCRMVVKLMAYAYFASWGMFPILWAVGPEGLLKLSVAGSTIGHTIADLLSKNIWGLLGHHLRIKIHEHILIHGDIRKTTKMEIGGEEVEVEEFVEEE,-0.463479032024,-2.16269665094,0.880952380952,0.554421768707,0.571428571429,1,-1,-1,-1.0,-1.0
130,n57,1.9923204041,0.513007623729,2.30291328857,0.71114086989,0.934083551484,0.423393922009,0.877130586157,0.375452706817,2202222222,1,GFDELAKGAVVPEDHFVCGPA-DKCYCSAWLHSRGTPGEKIGAQVCQWIAVSIAIALLTFYGWHAYKASVGWEEVYVCSVELIKVILEIYFEFTSPATVYLSTGNHAYCLRYFEWLLTCPVILIRLSNLSGLKNDYSKRTMGLIVSCVGMIVFGMAAGLATDWLKWLLYIVSCIYGGYMYFQAAKCYVEANHSVPKGHCRMVVKLMAYAYFASWGSYPILWAVGPEGLLKLSPYANSIGHSICDIIAKEFWTFLAHHLRIKIHEHILIHGDIRKTTKMEIGGEEVEVEEFVEEE,0.68929999166,0.834174968619,0.948979591837,0.503401360544,0.503401360544,1,1,1,1.0,1.0
131,n59,0.977867308877,0.368252835522,1.68933286733,0.53373595741,1.55546923167,0.537010748455,1.35231115066,0.341934574148,2222022222,1,GFDELAKGAVVPEDHFVCGPA-DKCYCSAWLHSRGTPGEKIGAQVCQWIAFSIAIALLTFYGFSAWKATCGWEEVYVCCVEVLFVTLEIFKEFSSPATVYLSTGNHAYCLRYFEWLLSCPVILIRLSNITGLKNDYSKRTMGLIVSCVGMIVFGMAAGLATDWLKWLLYIVSCIYGGYMYFQAAKCYVESYYIMPKGHCRMVVKLMAYAYFASWGSYPILWAVGPEGLLKLSPYANSIGHSICDIIAKEFWTFLAHHLRIKIHEHIIMYGDIRRPVSSQFLGRKVDVLAFVTEE,-0.022381294147,0.52433369794,0.918367346939,0.455782312925,0.534013605442,1,1,1,1.0,1.0
132,n60,0.945771506587,0.237605060417,0.78956862164,0.173992624978,0.594002328241,0.247040733178,0.644286896628,0.219429266348,2222202222,1,GFDELAKGAVVPEDHFVCGPA-DKCYCSAWLHSRGTPGEKIGAQVCQWIAFSIAIALLTFYGFSAWKATCGWEEVYVCCVEVLFVTLEIFKEFSSPATVYLSTGNHAYCLRYFEWLLSCPVILIRLSNLSGLKNDYSKRTMGLIVSCVGMIVFGMAAGLATDWLKWLLYIVSCIYGGYMYFQAAKCYVEANHSVPAGGCKKLVLAMTAVYYSSWLSYPILWAVGPEGLLKLSPYANSIGHSICDIIAKEFWTFLAHFLRIKIHEHILIHGDIRKTTKMEIGGEEVEVEEFVEEE,-0.0557542754822,-0.236268531217,0.952380952381,0.486394557823,0.5,1,1,1,1.0,1.0
133,n61,0.376511850263,0.0868926594315,0.131119663376,0.104670113974,0.0240773075014,0.0292467635937,0.268387051077,0.226399289049,2222220222,1,EYHAPAGYQVNPPYHPVHGYE---EQCSSIYIYYGTPGEKIGAQVCQWIAFSIAIALLTFYGFSAWKATCGWEEVYVCCVEVLFVTLEIFKEFSSPAMLFLYTGNITPCLRYFEWLLSCPVILIRLSNLSGLKNDYSKRTMGLIVSCVGMIVFGMAAGLATDWLKWLLYIVSCIYGGYMYFQAAKCYVEANHSVPKGHCRMVVKLMAYAYFASWGSYPILWAVGPEGLLKLSPYANSIGHSICDIIAKEFWTFLAHHLRIKIHEHILIHGDIRKTTKMEIGGEEVEVEEFVEEE,-0.976805757435,-2.03164491185,0.891156462585,0.482993197279,0.561224489796,-1,-1,-1,-1.0,-1.0
134,n62,,,,,,,,,2222222022,-1,GFDELAKGAVVPEDHFVCGPA-DKCYCSAWLHSRGTPGEKIGAQVCQWIAFSIAIALLTFYGFSAWKATCGWEEVYVCCVEVLFVTLEIFKEFSSPATVYLSTGNHAYWLRYAEWLLSCPVILIRLSNLSGLKNDYSKRTMGLLVSDLGTICMGVTAALATDWLKWLLYIVSCIYGGYMYFQAAKCYVEANHSVPKGHCRMVVKLMAYAYFASWGSYPILWAVGPEGLLKLSPYANSIGHSICDIIAKEFWTFLAHHLRIKIHEHILIHGDIRKTTKMEIGGEEVEVEEFVEEE,,,0.962585034014,0.527210884354,0.489795918367,-1,-1,-1,,
135,n63,0.244810526856,0.0456182414796,0.626562004603,0.0070163292423,1.81581846991,0.58439810776,2.0988555001,0.452947780034,2222222202,1,GFDELAKGAVVPEDHFVCGPA-DKCYCSAWLHSRGTPGEKIGAQVCQWIAFSIAIALLTFYGFSAWKATCGWEEVYVCCVEVLFVTLEIFKEFSSPATVYLSGGNHAYCLRYFEWLLSCPVILIRLSNLSGLKNDYSKRTMGLIVSCVGMIVFGMAAGLATGWVKWLFYCIGLVYGGYMYFQAAKCYVEANHSVPKGHCRMVVKLMAYAYFASWGSYPILWAVGPEGLLKLSPYANSIGHSICDIIAKEFWTFLAHHLRIKIHEHILIHGDIRKTTKMEIGGEEVEVEEFVEEE,-1.40727072741,-0.467507539706,0.969387755102,0.52380952381,0.482993197279,-1,-1,1,1.0,1.0
136,n64,0.574010690642,0.0780116798503,0.47032741312,0.0946403123201,0.451198421252,0.0554971999534,0.572428761884,0.0937053118718,2222222220,1,GFDELAKGAVVPEDHFVCGPA-DKCYCSAWLHSRGTPGEKIGAQVCQWIAFSIAIALLTFYGFSAWKATCGWEEVYVCCVEVLFVTLEIFKEFSSPATVYLSTGNHAYCLRYFEWLLSCPVILIRLSNLSGLKNDYSKRTMALIVSCVGMIVFGMAAGLATDWLKWLLYIVSCIYGTQTFYNAGIIYVEANHSVPKGHCRMVVKLMAYAYFASWGSYPILWAVGPEGLLKLSPYANSIGHSICDIIAKEFWTFLAHHLRIKIHEHILIHGDIRKTTKMEIGGEEVEVEEFVEEE,-0.555107258024,-0.754326203148,0.965986394558,0.5,0.486394557823,-1,-1,1,1.0,1.0
137,n65,1.58181641439,0.572533920023,1.4066838073,0.0796031271043,0.788197426449,0.235042399349,0.777444531234,0.246264660011,1222222222,1,GFDELAKGAVVPEDHFVCGPA-DKCYCSAWLHSRGTPGEKIGAQVCQWIAFSIAIALLTFYGFSAWKATCGWEEVYVCCVEVLFVTLEIFKEFSSPATVYLSTGNHAYCLRYFEWLLSCPVILIRLSNLSGLKNDYSKRTMGLIVSCVGMIVFGMAAGLATDWLKWLLYIVSCIYGGYMYFQAAKCYVEANHSVPKGHCRMVVKLMAYAYFASWGSYPILFILGPEGFGVLSPYANSIGHSICDIIAKEFWTFLAHHLRIKIHEHILIHGDIRKTTKMEIGGEEVEVEEFVEEE,0.458573816082,0.34123502459,0.979591836735,0.527210884354,0.459183673469,1,1,1,1.0,1.0
138,n66,0.868665786438,0.0547017770847,0.0515655433489,0.0024300707483,0.0014348400247,2.54095912234e-05,0.049402122855,0.00854526330611,2122222222,1,GFDELAKGAVVPEDHFVCGPA-DKCYCSAWLHSRGTNAEKLAANILQWITFALSALCLMFYGFSAWKATCGWEEVYVCCVEVLFVTLEIFKEFSSPATVYLSTGNHAYCLRYFEWLLSCPVILIHLSNLSGLKNDYSKRTMGLIVSCVGMIVFGMAAGLATDWLKWLLYIVSCIYGGYMYFQAAKCYVEANHSVPKGHCRMVVKLMAYAYFASWGMFPILWAVGPEGLLKLSVYGSTVGHTIIDLMSKNCWGLLGHHLRIKIHEHILIHGDIRKTTKMEIGGEEVEVEEFVEEE,-0.140796823276,-2.9649015941,0.887755102041,0.619047619048,0.506802721088,1,1,-1,-1.0,-1.0
139,n67,,,,,,,,,2212222222,-1,GFDELAKGAVVPEDHFVCGPA-DKCYCSAWLHSRGTPGEKIGAQVCQWIAFSIAIALLTFYGYQTWKSTCGWEEIYVATIEMIKFIIEYFHEFDSPATVYLSTGNHAYCLRYFEWLLTCPVILIRLSNLSGLKNDYSKRTMGLIVSCVGMIVFGMAAGLATDWLKWLLYIVSCIYGGYMYFQAAKCYVEANHSVPKGHCRMVVKLMAYAYFASWGSYPILWAVGPEGLLKLSPYANSIGHSICDIIAKEFWTFLAHHLRIKIHEHILIHGDIRKTTKMEIGGEEVEVEEFVEEE,,,0.938775510204,0.568027210884,0.438775510204,-1,-1,-1,,
140,n68,1.10820044893,0.262172389155,1.74127928633,0.254938036167,1.15872653692,0.245289506384,1.18023479202,0.280922361019,2221222222,1,GFDELAKGAVVPEDHFVCGPA-DKCYCSAWLHSRGTPGEKIGAQVCQWIAFSIAIALLTFYGFSAWKATCGWEEVYVCCVEVLFVTLEIFKEFSSPATVYLSTGNHAYCLRYFEWLLSCPVILIRLSNLSGLANDYNKRTMGLIVSCVGMIVFGMAAGLATDWLKWLLYIVSCIYGGYMYFQAAKCYVEANHSVPKGHCRMVVKLMAYAYFASWGSYPILWAVGPEGLLKLSPYANSIGHSICDIIAKEFWTFLAHHLRIKIHEHILIHGDIRKTTKMEIGGEEVEVEEFVEEE,0.102737482549,0.554620065112,0.993197278912,0.513605442177,0.455782312925,1,1,1,1.0,1.0
141,n69,1.71705301772,0.709976903094,2.1604504913,1.09259129809,1.39569609203,0.572512510035,1.13214581403,0.217424461559,2222122222,1,GFDELAKGAVVPEDHFVCGPA-DKCYCSAWLHSRGTPGEKIGAQVCQWIAFSIAIALLTFYGFSAWKATCGWEEVYVCCVEVLFVTLEIFKEFSSPATVYLSTGNHAYCLRYFEWLLSCPVILIRLSNLTGLKNDYSKRTMGLIVSCVGMIVFGMAAGLATDWLKWLLYIVSCIYGGYMYFQAAKCYVEAYHTVPKGHCRMVVKLMAYAYFASWGSYPILWAVGPEGLLKLSPYANSIGHSICDIIAKEFWTFLAHHLRIKIHEHILIHGDIRKTTKLNIGGTEIEVETLVEDE,0.540609459552,0.770316760737,0.965986394558,0.540816326531,0.448979591837,1,1,1,1.0,1.0
142,n70,1.40372236651,0.41463681795,1.74043066461,0.372892542697,1.11045777209,0.243734663316,0.916334688738,0.224754342672,2222212222,1,GFDELAKGAVVPEDHFVCGPA-DKCYCSAWLHSRGTPGEKIGAQVCQWIAFSIAIALLTFYGFSAWKATCGWEEVYVCCVEVLFVTLEIFKEFSSPATVYLSTGNHAYCLRYFEWLLSCPVILIRLSNLSGLKNDYSKRTMGLIVSCVGMIVFGMAAGLATDWLKWLLYIVSCIYGGYMYFQAAKCYVEANHSVPKGRCRQVVTGMAWLFFVSWGSYPILWAVGPEGLLKLSPYANSIGHSICDIIAKEFWTFLAHYLRVLIHEHILIHGDIRKTTKMEIGGEEVEVEEFVEEE,0.339127541399,0.554132590998,0.962585034014,0.544217687075,0.442176870748,1,1,1,1.0,1.0
143,n71,0.769220370942,0.0540304007934,0.0705119973756,0.00401687607751,0.00269778347709,0.00102262386318,0.0761833647837,0.00455213761987,2222222122,1,GFDELAKGAVVPEDHFVCGPA-DKCYCSAWLHSRGTPGEKIGAQVCQWIAFSIAIALLTFYGFSAWKATCGWEEVYVCCVEVLFVTLEIFKEFSSPATVYLSTGNHAYWLRYAEWLLSCPVILIRLSNLSGLKNDYSKRTMGLLVSDIGTIVWGTTAALATDWLKWLLYIVSCIYGGYMYFQAAKCYVEANHSVPKGHCRMVVKLMAYAYFASWGSYPILWAVGPEGLLKLSPYANSIGHSICDIIAKEFWTFLAHHLRIKIHEHILIHGDIRKTTKMEIGGEEVEVEEFVEEE,-0.262377782334,-2.6519724081,0.965986394558,0.540816326531,0.47619047619,1,1,-1,-1.0,-1.0
144,n72,1.74567616894,0.404502286298,1.50123727593,0.250556692781,0.685799684047,0.069820809208,0.646489441951,0.103113498319,2222222212,1,GFDELAKGAVVPEDHFVCGPA-DKCYCSAWLHSRGTPGEKIGAQVCQWIAFSIAIALLTFYGFSAWKATCGWEEVYVCCVEVLFVTLEIFKEFSSPATVYLSNGNHAYCLRYFEWLLSCPVILIRLSNLSGLKNDYSKRTMGLIVSCVGMIVFGMAAGLSKGYVRVIFFLMGLCYGGYMYFQAAKCYVEANHSVPKGHCRMVVKLMAYAYFASWGSYPILWAVGPEGLLKLSPYANSIGHSICDIIAKEFWTFLAHHLRIKIHEHILIHGDIRKTTKMEIGGEEVEVEEFVEEE,0.557141969964,0.406289618726,0.945578231293,0.561224489796,0.445578231293,1,1,1,1.0,1.0
145,n73,0.540020485616,0.1788691273,1.23378892529,0.604381797258,1.2824774458,0.479549607657,1.48046398956,0.538493779961,2222222221,1,GFDELAKGAVVPEDHFVCGPA-DKCYCSAWLHSRGTPGEKIGAQVCQWIAFSIAIALLTFYGFSAWKATCGWEEVYVCCVEVLFVTLEIFKEFSSPATVYLSTGNHAYCLRYFEWLLSCPVILIRLSNLSGLKNDYSKRTMGLIVSCVGMIVFGMAAGLATDWLKWLLYIVSCIYGIYTFFNAAKVYIEANHSVPKGHCRMVVKLMAYAYFASWGSYPILWAVGPEGLLKLSPYANSIGHSICDIIAKEFWTFLAHHLRIKIHEHILIHGDIRKTTKMEIGGEEVEVEEFVEEE,-0.616148203817,0.210089861655,0.979591836735,0.527210884354,0.459183673469,-1,-1,1,1.0,1.0
146,n75,,,,,,,,,0212100211,-1,EYHAPAGYQVNPPYHPVHGYE---EQCSSIYIYYGTPGEKIGAQVCQWIAFSIAIALLTFYGYQTWKSTCGWEEIYVATIEMIKFIIEYFHEFDSPAMLFLYNGNITPCLRYFEWLLTCPVILIRLSNLTGLKNDYSKRTMGLIVSCVGMIVFGMAAGLSKGYVRVIFFLMGLCYGIYTFFNAAKVYIEAYHTVPAGGCKKLVLAMTAVYYSSWLSYPGLFIFGPEGMHTLSPYANSIGHSICDIIAKEFWTFLAHFLRIKIHEHILIHGDIRKTTKLNIGGTEIEVETLVEDE,,,0.649659863946,0.636054421769,0.615646258503,-1,-1,-1,,
147,n76,0.362228728419,0.0401791429711,0.15843704784,0.0745939854392,0.0400692283053,0.0228888375924,0.312449489647,0.116885436063,1102012111,1,GFDELAKGAVVPEDHFVCGPA-DKCYCSAWLHSRGTNAEKLAANILQWITVALSALCLMFYGWHAYKASVGWEEVYVCSVELIKVILEIYFEFTSPATVYLSNGNHAYWLRYAEWLLTCPVILIHLSNITGLKNDYSKRTMGLLVSDIGTIVWGTTAALSKGYVRVIFFLMGLCYGIYTFFNAAKVYIESYYIMPKGRCRQVVTGMAWLFFVSWGMFPILFILGPEGFGVLSVYGSTVGHTIIDLMSKNCWGLLGHYLRVLIHEHIIMYGDIRRPVSSQFLGRKVDVLAFVTEE,-1.01547942023,-1.84239793907,0.58843537415,0.731292517007,0.659863945578,-1,-1,-1,-1.0,-1.0
148,n77,0.299811549676,0.0358364788906,0.204480772652,0.14918314529,0.0668941218537,0.0376259382472,0.419048102271,0.219538919041,2212120011,1,EYHAPAGYQVNPPYHPVHGYE---EQCSSIYIYYGTPGEKIGAQVCQWIAFSIAIALLTFYGYQTWKSTCGWEEIYVATIEMIKFIIEYFHEFDSPAMLFLYNGNITPWLRYAEWLLTCPVILIRLSNLTGLKNDYSKRTMGLLVSDLGTICMGVTAALSKGYVRVIFFLMGLCYGIYTFFNAAKVYIEAYHTVPKGHCRMVVKLMAYAYFASWGSYPILWAVGPEGLLKLSPYANSIGHSICDIIAKEFWTFLAHHLRIKIHEHILIHGDIRKTTKLNIGGTEIEVETLVEDE,-1.20460116945,-1.58728132918,0.683673469388,0.673469387755,0.581632653061,-1,-1,1,-1.0,1.0
149,n78,,,,,,,,,2212100110,-1,EYHAPAGYQVNPPYHPVHGYE---EQCSSIYIYYGTPGEKIGAQVCQWIAFSIAIALLTFYGYQTWKSTCGWEEIYVATIEMIKFIIEYFHEFDSPAMLFLYNGNITPWLRYAEWLLTCPVILIRLSNLTGLKNDYSKRTMALLVSDIGTIVWGTTAALSKGYVRVIFFLMGLCYGTQTFYNAGIIYVEAYHTVPAGGCKKLVLAMTAVYYSSWLSYPILWAVGPEGLLKLSPYANSIGHSICDIIAKEFWTFLAHFLRIKIHEHILIHGDIRKTTKLNIGGTEIEVETLVEDE,,,0.625850340136,0.639455782313,0.642857142857,-1,-1,-1,,
150,n79,0.903945208379,0.07682559426,0.1606130381,0.00412205400849,0.047144841193,0.0286224411039,0.156297985205,0.015412683687,1222100121,1,EYHAPAGYQVNPPYHPVHGYE---EQCSSIYIYYGTPGEKIGAQVCQWIAFSIAIALLTFYGFSAWKATCGWEEVYVCCVEVLFVTLEIFKEFSSPAMLFLYTGNITPWLRYAEWLLSCPVILIRLSNLTGLKNDYSKRTMGLLVSDIGTIVWGTTAALATDWLKWLLYIVSCIYGIYTFFNAAKVYIEAYHTVPAGGCKKLVLAMTAVYYSSWLSYPILFILGPEGFGVLSPYANSIGHSICDIIAKEFWTFLAHFLRIKIHEHILIHGDIRKTTKLNIGGTEIEVETLVEDE,-0.100986530627,-1.82875729708,0.734693877551,0.571428571429,0.642857142857,1,1,1,-1.0,-1.0
151,n80,0.540668195623,0.109808546032,0.110266786252,0.0513728457804,0.0139912237091,0.00644398962093,0.129085682917,0.0237449970455,1200120112,1,EYHAPAGYQVNPPYHPVHGYE---EQCSSIYIYYGTPGEKIGAQVCQWIAVSIAIALLTFYGWHAYKASVGWEEVYVCSVELIKVILEIYFEFTSPAMLFLYNGNITPWLRYAEWLLTCPVILIRLSNLTGLSEAYNKRTMGLLVSDIGTIVWGTTAALSKGYVRVIFFLMGLCYGGYMYFQAAKCYVEAYHTVPKGHCRMVVKLMAYAYFASWGSYPILFILGPEGFGVLSPYANSIGHSICDIIAKEFWTFLAHHLRIKIHEHILIHGDIRKTTKLNIGGTEIEVETLVEDE,-0.61494950507,-2.20485251999,0.683673469388,0.619047619048,0.646258503401,-1,-1,-1,-1.0,-1.0
152,n82,0.794790240091,0.193560204365,0.440696144503,0.0562357643585,0.367448927377,0.100371466473,0.425091204157,0.119862982712,2112012211,1,GFDELAKGAVVPEDHFVCGPA-DKCYCSAWLHSRGTNAEKLAANILQWITFALSALCLMFYGYQTWKSTCGWEEIYVATIEMIKFIIEYFHEFDSPATVYLSNGNHAYCLRYFEWLLTCPVILIHLSNITGLKNDYSKRTMGLIVSCVGMIVFGMAAGLSKGYVRVIFFLMGLCYGIYTFFNAAKVYIESYYIMPKGRCRQVVTGMAWLFFVSWGMFPILWAVGPEGLLKLSVYGSTVGHTIIDLMSKNCWGLLGHYLRVLIHEHIIMYGDIRRPVSSQFLGRKVDVLAFVTEE,-0.229677048084,-0.819399655747,0.632653061224,0.741496598639,0.56462585034,1,1,1,1.0,1.0
153,n84,0.923892022733,0.243091538422,0.0863494592928,0.0231271335962,0.00995899824672,0.00277412777729,0.0673400487009,0.0117464751736,1022202210,1,GFDELAKGAVVPEDHFVCGPA-DKCYCSAWLHSRGALWEQETARGFQWFAFFLSALFLAFYGFSAWKATCGWEEVYVCCVEVLFVTLEIFKEFSSPATVYLSNGNHAYCLRYFEWLLSCPVILIHLSNLSGLKNDYSKRTMALIVSCVGMIVFGMAAGLSKGYVRVIFFLMGLCYGTQTFYNAGIIYVEANHSVPAGGCKKLVLAMTAVYYSSWLMFPILFILGPEGFGVLSVAGSTIGHTIADLLSKNIWGLLGHFLRIKIHEHILIHGDIRKTTKMEIGGEEVEVEEFVEEE,-0.079160072683,-2.44935273622,0.724489795918,0.602040816327,0.65306122449,1,1,-1,-1.0,-1.0
154,n86,0.465038447998,0.0609524250803,0.0824619956949,0.0459225206358,0.00443013762624,0.00296849196342,0.0846798429699,0.0334250102494,0200210111,1,EYHAPAGYQVNPPYHPVHGYE---EQCSSIYIYYGTPGEKIGAQVCQWIAVSIAIALLTFYGWHAYKASVGWEEVYVCSVELIKVILEIYFEFTSPAMLFLYNGNITPWLRYAEWLLTCPVILIRLSNLSGLSEAYNKRTMGLLVSDIGTIVWGTTAALSKGYVRVIFFLMGLCYGIYTFFNAAKVYIEANHSVPKGRCRQVVTGMAWLFFVSWGSYPGLFIFGPEGMHTLSPYANSIGHSICDIIAKEFWTFLAHYLRVLIHEHILIHGDIRKTTKMEIGGEEVEVEEFVEEE,-0.765635192946,-2.49541775002,0.656462585034,0.625850340136,0.663265306122,-1,-1,-1,-1.0,-1.0
155,n87,0.242494468993,0.0609393151099,0.161585596078,0.00413125002169,0.225471731494,0.0719843836442,0.464275904493,0.156873250876,0212102012,1,GFDELAKGAVVPEDHFVCGPA-DKCYCSAWLHSRGTPGEKIGAQVCQWIAFSIAIALLTFYGYQTWKSTCGWEEIYVATIEMIKFIIEYFHEFDSPATVYLSNGNHAYWLRYAEWLLTCPVILIRLSNLTGLKNDYSKRTMGLLVSDLGTICMGVTAALSKGYVRVIFFLMGLCYGGYMYFQAAKCYVEAYHTVPAGGCKKLVLAMTAVYYSSWLSYPGLFIFGPEGMHTLSPYANSIGHSICDIIAKEFWTFLAHFLRIKIHEHILIHGDIRKTTKLNIGGTEIEVETLVEDE,-1.41677637714,-1.82272027005,0.741496598639,0.659863945578,0.537414965986,-1,-1,1,1.0,1.0
156,n88,0.466199565752,0.0655836348559,0.0572283100048,0.0507685125336,0.00645601377146,0.00679745595019,0.0699330232505,0.041985308129,2011212120,1,GFDELAKGAVVPEDHFVCGPA-DKCYCSAWLHSRGALWEQETARGFQWFAFFLSALFLAFYGYQTWKSTCGWEEIYVATIEMIKFIIEYFHEFDSPATVYLSTGNHAYWLRYAEWLLTCPVILIHLSNLSGLANDYNKRTMALLVSDIGTIVWGTTAALATDWLKWLLYIVSCIYGTQTFYNAGIIYVEANHSVPKGRCRQVVTGMAWLFFVSWGMFPILWAVGPEGLLKLSVAGSTIGHTIADLLSKNIWGLLGHYLRVLIHEHILIHGDIRKTTKMEIGGEEVEVEEFVEEE,-0.763141483844,-2.86070657288,0.707482993197,0.687074829932,0.608843537415,-1,-1,-1,-1.0,-1.0
157,n89,0.587750274472,0.0274245925849,0.0366105508171,0.0207903243124,0.00265303416515,0.00339200634769,0.0541191132396,0.0393302005771,0200212100,1,GFDELAKGAVVPEDHFVCGPA-DKCYCSAWLHSRGTPGEKIGAQVCQWIAVSIAIALLTFYGWHAYKASVGWEEVYVCSVELIKVILEIYFEFTSPATVYLSGGNHAYWLRYAEWLLTCPVILIRLSNLSGLSEAYNKRTMALLVSDIGTIVWGTTAALATGWVKWLFYCIGLVYGTQTFYNAGIIYVEANHSVPKGRCRQVVTGMAWLFFVSWGSYPGLFIFGPEGMHTLSPYANSIGHSICDIIAKEFWTFLAHYLRVLIHEHILIHGDIRKTTKMEIGGEEVEVEEFVEEE,-0.531453124574,-3.30741880643,0.775510204082,0.585034013605,0.619047619048,-1,-1,-1,-1.0,-1.0
158,n93,0.217554656437,0.0376854906677,0.0363691941103,0.0122517842971,0.00416771241376,0.00303972549323,0.116486859523,0.0390214615747,2202010210,1,EYHAPAGYQVNPPYHPVHGYE---EQCSSIYIYYGTPGEKIGAQVCQWIAVSIAIALLTFYGWHAYKASVGWEEVYVCSVELIKVILEIYFEFTSPAMLFLYNGNITPCLRYFEWLLTCPVILIRLSNITGLKNDYSKRTMALIVSCVGMIVFGMAAGLSKGYVRVIFFLMGLCYGTQTFYNAGIIYVESYYIMPKGRCRQVVTGMAWLFFVSWGSYPILWAVGPEGLLKLSPYANSIGHSICDIIAKEFWTFLAHYLRVLIHEHIIMYGDIRRPVSSQFLGRKVDVLAFVTEE,-1.52530516606,-3.31403317832,0.632653061224,0.513605442177,0.710884353741,-1,-1,-1,-1.0,-1.0
159,n94,1.20148519463,0.1953798628,1.3971675731,0.149447970275,1.01549627941,0.115831830075,0.829372987832,0.15477108662,1012002221,1,GFDELAKGAVVPEDHFVCGPA-DKCYCSAWLHSRGALWEQETARGFQWFAFFLSALFLAFYGYQTWKSTCGWEEIYVATIEMIKFIIEYFHEFDSPATVYLSTGNHAYCLRYFEWLLTCPVILIHLSNITGLKNDYSKRTMGLIVSCVGMIVFGMAAGLATDWLKWLLYIVSCIYGIYTFFNAAKVYIESYYIMPAGGCKKLVLAMTAVYYSSWLMFPILFILGPEGFGVLSVAGSTIGHTIADLLSKNIWGLLGHFLRIKIHEHIIMYGDIRRPVSSQFLGRKVDVLAFVTEE,0.183558453713,0.334447025193,0.649659863946,0.585034013605,0.700680272109,1,1,1,1.0,1.0
160,n95,0.464625719597,0.0617188182602,0.032893936689,0.00557395750858,0.00161886398079,0.000929477639678,0.0519471375997,0.00748322221434,0101222010,1,GFDELAKGAVVPEDHFVCGPA-DKCYCSAWLHSRGTNAEKLAANILQWITVALSALCLMFYGWHAYKASVGWEEVYVCSVELIKVILEIYFEFTSPATVYLSNGNHAYWLRYAEWLLTCPVILIHLSNLSGLANDYNKRTMALLVSDLGTICMGVTAALSKGYVRVIFFLMGLCYGTQTFYNAGIIYVEANHSVPKGHCRMVVKLMAYAYFASWGMFPGLFIFGPEGMHTLSVYGSTVGHTIIDLMSKNCWGLLGHHLRIKIHEHILIHGDIRKTTKMEIGGEEVEVEEFVEEE,-0.766523101596,-3.41446693336,0.680272108844,0.69387755102,0.649659863946,-1,-1,-1,-1.0,-1.0
161,n96,0.370371787528,0.0567148908695,0.0278574982673,0.00533328440647,0.00368044809594,0.00276046113944,0.065566526731,0.0259002474825,2120202002,1,GFDELAKGAVVPEDHFVCGPA-DKCYCSAWLHSRGTNAEKLAANILQWITFALSALCLMFYGFSAWKATCGWEEVYVCCVEVLFVTLEIFKEFSSPATVYLSGGNHAYWLRYAEWLLSCPVILIHLSNLSGLSEAYNKRTMGLLVSDLGTICMGVTAALATGWVKWLFYCIGLVYGGYMYFQAAKCYVEANHSVPAGGCKKLVLAMTAVYYSSWLMFPILWAVGPEGLLKLSVYGSTVGHTIIDLMSKNCWGLLGHFLRIKIHEHILIHGDIRKTTKMEIGGEEVEVEEFVEEE,-0.993247946692,-3.58065311124,0.758503401361,0.632653061224,0.636054421769,-1,-1,-1,-1.0,-1.0
162,n97,0.293588793101,0.13264848818,0.0813346383742,0.0506834436368,0.141827250099,0.199266504813,0.333451934129,0.289712664379,2211000211,1,EYHAPAGYQVNPPYHPVHGYE---EQCSSIYIYYGTPGEKIGAQVCQWIAFSIAIALLTFYGYQTWKSTCGWEEIYVATIEMIKFIIEYFHEFDSPAMLFLYNGNITPCLRYFEWLLTCPVILIRLSNITGLANDYNKRTMGLIVSCVGMIVFGMAAGLSKGYVRVIFFLMGLCYGIYTFFNAAKVYIESYYIMPAGGCKKLVLAMTAVYYSSWLSYPILWAVGPEGLLKLSPYANSIGHSICDIIAKEFWTFLAHFLRIKIHEHIIMYGDIRRPVSSQFLGRKVDVLAFVTEE,-1.22557515361,-2.5091832969,0.619047619048,0.554421768707,0.680272108844,-1,-1,-1,1.0,1.0
163,n98,0.438413691105,0.183187636985,0.273353180851,0.195658953314,0.0538182040175,0.0396342352594,0.382089982845,0.206297456857,0211200122,1,EYHAPAGYQVNPPYHPVHGYE---EQCSSIYIYYGTPGEKIGAQVCQWIAFSIAIALLTFYGYQTWKSTCGWEEIYVATIEMIKFIIEYFHEFDSPAMLFLYTGNITPWLRYAEWLLTCPVILIRLSNLSGLANDYNKRTMGLLVSDIGTIVWGTTAALATDWLKWLLYIVSCIYGGYMYFQAAKCYVEANHSVPAGGCKKLVLAMTAVYYSSWLSYPGLFIFGPEGMHTLSPYANSIGHSICDIIAKEFWTFLAHFLRIKIHEHILIHGDIRKTTKMEIGGEEVEVEEFVEEE,-0.824592314126,-1.29699061716,0.71768707483,0.568027210884,0.646258503401,-1,-1,1,-1.0,1.0
164,n99,0.269452237157,0.0167935466924,0.0810853496797,0.0191850375218,0.0164429484726,0.00565985566804,0.254880327558,0.0380959620574,2012200101,1,EYHAPAGYQVNPPYHPVHGYE---EQCSSIYIYYGALWEQETARGFQWFAFFLSALFLAFYGYQTWKSTCGWEEIYVATIEMIKFIIEYFHEFDSPAMLFLYGGNITPWLRYAEWLLTCPVILIHLSNLSGLKNDYSKRTMGLLVSDIGTIVWGTTAALATGWVKWLFYCIGLVYGIYTFFNAAKVYIEANHSVPAGGCKKLVLAMTAVYYSSWLMFPILWAVGPEGLLKLSVAGSTIGHTIADLLSKNIWGLLGHFLRIKIHEHILIHGDIRKTTKMEIGGEEVEVEEFVEEE,-1.31136413196,-2.51225297931,0.578231292517,0.642857142857,0.775510204082,-1,-1,-1,-1.0,-1.0
165,n100,0.532195606383,0.0946121029067,0.0388710814806,0.0184903027716,0.00105815399302,0.000661055583476,0.0503013663344,0.0203937021885,1201202120,1,GFDELAKGAVVPEDHFVCGPA-DKCYCSAWLHSRGTPGEKIGAQVCQWIAVSIAIALLTFYGWHAYKASVGWEEVYVCSVELIKVILEIYFEFTSPATVYLSTGNHAYWLRYAEWLLTCPVILIRLSNLSGLANDYNKRTMALLVSDIGTIVWGTTAALATDWLKWLLYIVSCIYGTQTFYNAGIIYVEANHSVPAGGCKKLVLAMTAVYYSSWLSYPILFILGPEGFGVLSPYANSIGHSICDIIAKEFWTFLAHFLRIKIHEHILIHGDIRKTTKMEIGGEEVEVEEFVEEE,-0.630744176048,-3.24750471149,0.80612244898,0.537414965986,0.619047619048,-1,-1,-1,-1.0,-1.0
166,n101,0.89172505594,0.109082350725,0.051102529533,0.00821406165338,0.00311624297404,0.00114189061749,0.0795976146535,0.0199007605681,2000212112,1,GFDELAKGAVVPEDHFVCGPA-DKCYCSAWLHSRGALWEQETARGFQWFAVFLSALFLAFYGWHAYKASVGWEEVYVCSVELIKVILEIYFEFTSPATVYLSNGNHAYWLRYAEWLLTCPVILIHLSNLSGLSEAYNKRTMGLLVSDIGTIVWGTTAALSKGYVRVIFFLMGLCYGGYMYFQAAKCYVEANHSVPKGRCRQVVTGMAWLFFVSWGMFPILWAVGPEGLLKLSVAGSTIGHTIADLLSKNIWGLLGHYLRVLIHEHILIHGDIRKTTKMEIGGEEVEVEEFVEEE,-0.114597427167,-2.97392128137,0.690476190476,0.673469387755,0.642857142857,1,1,-1,-1.0,-1.0
