,name,mKate_pix,mKate_pix_std,GFP_pix,GFP_pix_std,mKate_mean,mKate_std,GFP_mean,GFP_std,pix_ratio_mean,pix_ratio_std,intensity_ratio,intensity_ratio_std,sum_ratio,code,expression,sequence,log_mKate,log_GFP,bin_mKate_2,bin_mKate,bin_GFP,bin_sum_ratio,bin_intensity_ratio,mKate_above_parent,GFP_above_parent,sum_ratio_above_parent,intensity_ratio_above_parent
0,cschrimson,0.983569192973,0.32827436199,0.982586652494,0.377096556032,1.00438954644,0.219575257868,0.995384272336,0.147738499791,0.997663378557,0.0760375551997,0.990861378399,0.190781124798,1.00029929316,1111111111,1,RMLFQTSYTLENNGSVICIPNNGQCFCLAWLKSNGTNAEKLAANILQWITFALSALCLMFYGYQTWKSTCGWEEIYVATIEMIKFIIEYFHEFDEPAVIYSSNGNKTVWLRYAEWLLTCPVILIHLSNLTGLANDYNKRTMGLLVSDIGTIVWGTTAALSKGYVRVIFFLMGLCYGIYTFFNAAKVYIEAYHTVPKGRCRQVVTGMAWLFFVSWGMFPILFILGPEGFGVLSVYGSTVGHTIIDLMSKNCWGLLGHYLRVLIHEHILIHGDIRKTTKLNIGGTEIEVETLVEDE,0.0043799404813,-0.0046264130281,1,1.0,1.0,1.0,1.0,1,1,1,1
1,c1c2,1.29098247769,0.774003194875,1.40421502481,1.01433929504,1.13168681007,0.470544443727,0.410216042367,0.206526519477,1.04985804908,0.159345143861,0.370023849931,0.160938145354,0.447658012747,2222222222,1,GFDELAKGAVVPEDHFVCGPA-DKCYCSAWLHSRGTPGEKIGAQVCQWIAFSIAIALLTFYGFSAWKATCGWEEVYVCCVEVLFVTLEIFKEFSSPATVYLSTGNHAYCLRYFEWLLSCPVILIRLSNLSGLKNDYSKRTMGLIVSCVGMIVFGMAAGLATDWLKWLLYIVSCIYGGYMYFQAAKCYVEANHSVPKGHCRMVVKLMAYAYFASWGSYPILWAVGPEGLLKLSPYANSIGHSICDIIAKEFWTFLAHHLRIKIHEHILIHGDIRKTTKMEIGGEEVEVEEFVEEE,0.123709271951,-0.891071325462,1,1.0,1.0,1.0,1.0,1,1,1,1
2,cheriff,1.52407716898,1.42592291824,1.38990323701,1.59342030344,0.213544744038,0.0812817060064,0.422033370409,0.224079132666,0.852660272307,0.228724871274,1.93576237301,1.02023373028,0.398717804081,0000000000,1,EYHAPAGYQVNPPYHPVHGYE---EQCSSIYIYYGALWEQETARGFQWFAVFLSALFLAFYGWHAYKASVGWEEVYVCSVELIKVILEIYFEFTSPAMLFLYGGNITPWLRYAEWLLTCPVILIHLSNITGLSEAYNKRTMALLVSDLGTICMGVTAALATGWVKWLFYCIGLVYGTQTFYNAGIIYVESYYIMPAGGCKKLVLAMTAVYYSSWLMFPGLFIFGPEGMHTLSVAGSTIGHTIADLLSKNIWGLLGHFLRIKIHEHIIMYGDIRRPVSSQFLGRKVDVLAFVTEE,-1.54390889432,-0.862670891274,-1,-1.0,1.0,1.0,1.0,1,1,-1,1
3,c1,1.15828849583,0.489813121561,1.09789523928,0.496711429101,0.436676138997,0.160140710266,0.528563330588,0.26405904956,0.94722303205,0.0757827861256,1.14425390676,0.132932209665,0.518460447332,1000000000,1,RMLFQTSYTLENNGSVICIPNNGQCFCLAWLKSNGALWEQETARGFQWFAVFLSALFLAFYGWHAYKASVGWEEVYVCSVELIKVILEIYFEFTSPAMLFLYGGNITPWLRYAEWLLTCPVILIHLSNITGLSEAYNKRTMALLVSDLGTICMGVTAALATGWVKWLFYCIGLVYGTQTFYNAGIIYVESYYIMPAGGCKKLVLAMTAVYYSSWLMFPGLFIFGPEGMHTLSVAGSTIGHTIADLLSKNIWGLLGHFLRIKIHEHIIMYGDIRRPVSSQFLGRKVDVLAFVTEE,-0.828563459331,-0.637592650032,-1,-1.0,1.0,1.0,1.0,1,1,1,1
4,c2,1.26366273545,0.38660095992,1.22510477537,0.3412996657,1.01685142708,0.108406953862,1.40927556115,0.116684281188,0.997158256871,0.0125644133909,1.39128428368,0.126015825446,1.40623658724,1222222222,1,RMLFQTSYTLENNGSVICIPNNGQCFCLAWLKSNGTPGEKIGAQVCQWIAFSIAIALLTFYGFSAWKATCGWEEVYVCCVEVLFVTLEIFKEFSSPATVYLSTGNHAYCLRYFEWLLSCPVILIRLSNLSGLKNDYSKRTMGLIVSCVGMIVFGMAAGLATDWLKWLLYIVSCIYGGYMYFQAAKCYVEANHSVPKGHCRMVVKLMAYAYFASWGSYPILWAVGPEGLLKLSPYANSIGHSICDIIAKEFWTFLAHHLRIKIHEHILIHGDIRKTTKMEIGGEEVEVEEFVEEE,0.0167110169941,0.343075785938,1,1.0,1.0,1.0,1.0,1,1,1,1
5,c3,1.29599674034,0.516395192417,0.982656901655,0.493480516563,0.643476459663,0.103536118032,0.15132543732,0.0136866344457,0.720027496057,0.103200495467,0.263452192779,0.0424820937755,0.11037094318,1011111111,1,RMLFQTSYTLENNGSVICIPNNGQCFCLAWLKSNGALWEQETARGFQWFTFALSALCLMFYGYQTWKSTCGWEEIYVATIEMIKFIIEYFHEFDEPAVIYSSNGNKTVWLRYAEWLLTCPVILIHLSNLTGLANDYNKRTMGLLVSDIGTIVWGTTAALSKGYVRVIFFLMGLCYGIYTFFNAAKVYIEAYHTVPKGRCRQVVTGMAWLFFVSWGMFPILFILGPEGFGVLSVYGSTVGHTIIDLMSKNCWGLLGHYLRVLIHEHILIHGDIRKTTKLNIGGTEIEVETLVEDE,-0.440869834335,-1.88832254727,1,1.0,1.0,1.0,-1.0,1,-1,-1,-1
6,c4,0.404053826774,0.323664772026,0.128409193958,0.139753071241,0.734377314896,0.209194147542,0.101491584898,0.0713661160399,0.184630262034,0.0843114981561,0.136743307233,0.0506801671967,0.0231907919316,1101111111,1,RMLFQTSYTLENNGSVICIPNNGQCFCLAWLKSNGTNAEKLAANILQWIAVFLSALFLAFYGWHAYKASVGWEEVYVCSVELIKVILEIYFEFTEPAVIYSSNGNKTVWLRYAEWLLTCPVILIHLSNLTGLANDYNKRTMGLLVSDIGTIVWGTTAALSKGYVRVIFFLMGLCYGIYTFFNAAKVYIEAYHTVPKGRCRQVVTGMAWLFFVSWGMFPILFILGPEGFGVLSVYGSTVGHTIIDLMSKNCWGLLGHYLRVLIHEHILIHGDIRKTTKLNIGGTEIEVETLVEDE,-0.308732329456,-2.28777939135,1,1.0,-1.0,-1.0,-1.0,1,-1,-1,-1
7,c5,0.176192913767,0.0784042055224,0.133873589896,0.0603529374065,0.579112317641,0.216907860065,0.299933628593,0.117103142738,0.736756997071,0.0532265487596,0.828249879653,0.543525647678,0.223422100438,1110111111,1,RMLFQTSYTLENNGSVICIPNNGQCFCLAWLKSNGTNAEKLAANILQWITFALSALCLMFYGYQTWKSTCGWEEIYVATIEMIKFIIEYFHEFDSPAMLFLYGGNITPWLRYAEWLLTCPVILIHLSNLTGLANDYNKRTMGLLVSDIGTIVWGTTAALSKGYVRVIFFLMGLCYGIYTFFNAAKVYIEAYHTVPKGRCRQVVTGMAWLFFVSWGMFPILFILGPEGFGVLSVYGSTVGHTIIDLMSKNCWGLLGHYLRVLIHEHILIHGDIRKTTKLNIGGTEIEVETLVEDE,-0.546258834659,-1.20419406683,1,1.0,1.0,1.0,1.0,1,-1,-1,1
8,c6,0.65888283014,0.34957639648,0.776909599005,0.42454887007,0.631722274791,0.0119334685715,0.539171712699,0.124223866727,1.16110968664,0.0455852674168,0.870512003841,0.163320724666,0.622709484326,1111011111,1,RMLFQTSYTLENNGSVICIPNNGQCFCLAWLKSNGTNAEKLAANILQWITFALSALCLMFYGYQTWKSTCGWEEIYVATIEMIKFIIEYFHEFDEPAVIYSSNGNKTVWLRYAEWLLTCPVILIHLSNITGLSEAYNKRTMALLVSDIGTIVWGTTAALSKGYVRVIFFLMGLCYGIYTFFNAAKVYIEAYHTVPKGRCRQVVTGMAWLFFVSWGMFPILFILGPEGFGVLSVYGSTVGHTIIDLMSKNCWGLLGHYLRVLIHEHILIHGDIRKTTKLNIGGTEIEVETLVEDE,-0.459305420039,-0.617721182372,1,1.0,1.0,1.0,1.0,1,1,1,1
9,c7,0.484413880815,0.291187272892,0.533166596557,0.340190596594,0.901519354109,0.359004541387,0.685452915366,0.303165630336,1.05813078535,0.0639742457772,0.860735600256,0.0784539848911,0.728255598929,1111101111,1,RMLFQTSYTLENNGSVICIPNNGQCFCLAWLKSNGTNAEKLAANILQWITFALSALCLMFYGYQTWKSTCGWEEIYVATIEMIKFIIEYFHEFDEPAVIYSSNGNKTVWLRYAEWLLTCPVILIHLSNLTGLANDYNKRTMGLLVSDLGTICMGVTAALATGWVKWLFYCIGLVYGTQTFYNAGIIYVEAYHTVPKGRCRQVVTGMAWLFFVSWGMFPILFILGPEGFGVLSVYGSTVGHTIIDLMSKNCWGLLGHYLRVLIHEHILIHGDIRKTTKLNIGGTEIEVETLVEDE,-0.103673767785,-0.377675468895,1,1.0,1.0,1.0,1.0,1,1,1,1
10,c8,0.595168608553,0.0,0.0265654329477,0.0,0.464207603991,0.0,0.0174190501641,0.0,0.0555215911631,0.0,0.0431700430465,0.0,0.000967133381662,1111110111,1,RMLFQTSYTLENNGSVICIPNNGQCFCLAWLKSNGTNAEKLAANILQWITFALSALCLMFYGYQTWKSTCGWEEIYVATIEMIKFIIEYFHEFDEPAVIYSSNGNKTVWLRYAEWLLTCPVILIHLSNLTGLANDYNKRTMGLLVSDIGTIVWGTTAALSKGYVRVIFFLMGLCYGIYTFFNAAKVYIESYYIMPAGGCKKLVLAMTAVYYSSWGMFPILFILGPEGFGVLSVYGSTVGHTIIDLMSKNCWGLLGHYLRVLIHEHILIHGDIRKTTKLNIGGTEIEVETLVEDE,-0.767423404425,-4.05019083464,-1,-1.0,-1.0,-1.0,-1.0,1,-1,-1,-1
11,c11,0.594586774263,0.547919839292,0.51677229886,0.532329296003,1.06148619585,0.859575819625,0.199027510468,0.0674900317713,0.65557170789,0.330215385454,0.280671396408,0.117706721991,0.145257078775,1111111110,1,RMLFQTSYTLENNGSVICIPNNGQCFCLAWLKSNGTNAEKLAANILQWITFALSALCLMFYGYQTWKSTCGWEEIYVATIEMIKFIIEYFHEFDEPAVIYSSNGNKTVWLRYAEWLLTCPVILIHLSNLTGLANDYNKRTMGLLVSDIGTIVWGTTAALSKGYVRVIFFLMGLCYGIYTFFNAAKVYIEAYHTVPKGRCRQVVTGMAWLFFVSWGMFPILFILGPEGFGVLSVYGSTVGHTIIDLMSKNCWGLLGHYLRVLIHEHIIMYGDIRRPVSSQFLGRKVDVLAFVTEE,0.059669997696,-1.61431222025,1,1.0,1.0,1.0,-1.0,1,-1,-1,-1
12,c13,0.0851270648297,0.0294397009541,0.00793812413511,0.00139391773801,1.00130448584,0.184489276599,0.100236282904,0.00771940576287,0.109712688345,0.0268950252886,0.0996661493619,0.0256662811462,0.0107895784539,1121111111,1,RMLFQTSYTLENNGSVICIPNNGQCFCLAWLKSNGTNAEKLAANILQWIAFSIAIALLTFYGFSAWKATCGWEEVYVCCVEVLFVTLEIFKEFSEPAVIYSSNGNKTVWLRYAEWLLTCPVILIHLSNLTGLANDYNKRTMGLLVSDIGTIVWGTTAALSKGYVRVIFFLMGLCYGIYTFFNAAKVYIEAYHTVPKGRCRQVVTGMAWLFFVSWGMFPILFILGPEGFGVLSVYGSTVGHTIIDLMSKNCWGLLGHYLRVLIHEHILIHGDIRKTTKLNIGGTEIEVETLVEDE,0.00130363573756,-2.30022505105,1,1.0,-1.0,-1.0,-1.0,1,-1,-1,-1
13,c14,0.346500710521,0.0152817646636,0.0224811428509,0.0114637206164,0.800643010696,0.0113405537113,0.0450291964387,0.0145166200436,0.0604966964847,0.0256255682614,0.0559780084995,0.0170182002577,0.00309611426776,1112111111,1,RMLFQTSYTLENNGSVICIPNNGQCFCLAWLKSNGTNAEKLAANILQWITFALSALCLMFYGYQTWKSTCGWEEIYVATIEMIKFIIEYFHEFDSPATVYLSTGNHAYCLRYFEWLLTCPVILIHLSNLTGLANDYNKRTMGLLVSDIGTIVWGTTAALSKGYVRVIFFLMGLCYGIYTFFNAAKVYIEAYHTVPKGRCRQVVTGMAWLFFVSWGMFPILFILGPEGFGVLSVYGSTVGHTIIDLMSKNCWGLLGHYLRVLIHEHILIHGDIRKTTKLNIGGTEIEVETLVEDE,-0.222340110789,-3.10044418985,1,1.0,-1.0,-1.0,-1.0,1,-1,-1,-1
14,c15,0.216916083621,0.00728856182589,0.012580458088,0.00158566983319,1.23925599435,0.0280334823355,0.0300229146653,0.00464815703465,0.0549203310859,0.00633545109272,0.0243273809172,0.00394491664722,0.00167831658515,1111211111,1,RMLFQTSYTLENNGSVICIPNNGQCFCLAWLKSNGTNAEKLAANILQWITFALSALCLMFYGYQTWKSTCGWEEIYVATIEMIKFIIEYFHEFDEPAVIYSSNGNKTVWLRYAEWLLSCPVILIRLSNLSGLKNDYSKRTMGLIVSDIGTIVWGTTAALSKGYVRVIFFLMGLCYGIYTFFNAAKVYIEAYHTVPKGRCRQVVTGMAWLFFVSWGMFPILFILGPEGFGVLSVYGSTVGHTIIDLMSKNCWGLLGHYLRVLIHEHILIHGDIRKTTKLNIGGTEIEVETLVEDE,0.214511194986,-3.50579436671,1,1.0,-1.0,-1.0,-1.0,1,-1,-1,-1
15,c16,0.322001254249,0.0160469773633,0.254918501953,0.0522725959658,1.13544041743,0.289815386074,0.259538421121,0.00774077679847,0.7889936319,0.11575024157,0.259240301992,0.0656956264508,0.203878164713,1111121111,1,RMLFQTSYTLENNGSVICIPNNGQCFCLAWLKSNGTNAEKLAANILQWITFALSALCLMFYGYQTWKSTCGWEEIYVATIEMIKFIIEYFHEFDEPAVIYSSNGNKTVWLRYAEWLLTCPVILIHLSNLTGLANDYNKRTMGLLVSCVGMIVFGMAAGLATDWLKWLLYIVSCIYGGYMYFQAAKCYVEAYHTVPKGRCRQVVTGMAWLFFVSWGMFPILFILGPEGFGVLSVYGSTVGHTIIDLMSKNCWGLLGHYLRVLIHEHILIHGDIRKTTKLNIGGTEIEVETLVEDE,0.127020608646,-1.34885052907,1,1.0,1.0,1.0,-1.0,1,-1,-1,-1
16,c19,0.251317151684,0.00652248449545,0.0167977897908,0.00651893863708,0.761250475004,0.00587478533456,0.0404557941003,0.0139915890058,0.0712706524671,0.0246184530719,0.0537733457491,0.018677876364,0.00322776211895,1111111121,1,RMLFQTSYTLENNGSVICIPNNGQCFCLAWLKSNGTNAEKLAANILQWITFALSALCLMFYGYQTWKSTCGWEEIYVATIEMIKFIIEYFHEFDEPAVIYSSNGNKTVWLRYAEWLLTCPVILIHLSNLTGLANDYNKRTMGLLVSDIGTIVWGTTAALSKGYVRVIFFLMGLCYGIYTFFNAAKVYIEAYHTVPKGRCRQVVTGMAWLFFVSWGMFPILFILGPEGFGVLSPYANSIGHSICDIIAKEFWTFLAHHLRIKIHEHILIHGDIRKTTKLNIGGTEIEVETLVEDE,-0.272792835979,-3.20754540469,1,1.0,-1.0,-1.0,-1.0,1,-1,-1,-1
17,c20,0.515668730167,0.0922154576971,0.430877289904,0.0882319113441,0.901887148274,0.0886784908462,0.22040531197,0.0210549869664,0.827625830967,0.00296027523016,0.262538827908,0.0144375014356,0.182475458026,1111111112,1,RMLFQTSYTLENNGSVICIPNNGQCFCLAWLKSNGTNAEKLAANILQWITFALSALCLMFYGYQTWKSTCGWEEIYVATIEMIKFIIEYFHEFDEPAVIYSSNGNKTVWLRYAEWLLTCPVILIHLSNLTGLANDYNKRTMGLLVSDIGTIVWGTTAALSKGYVRVIFFLMGLCYGIYTFFNAAKVYIEAYHTVPKGRCRQVVTGMAWLFFVSWGMFPILFILGPEGFGVLSVYGSTVGHTIIDLMSKNCWGLLGHYLRVLIHEHILIHGDIRKTTKMEIGGEEVEVEEFVEEE,-0.103265879525,-1.5122871005,1,1.0,1.0,1.0,-1.0,1,-1,-1,-1
18,c21,0.416688773917,0.0166438132636,0.360532140025,0.00634365623805,0.393885944449,0.188764732734,0.920732454981,0.306811090144,0.894144391348,0.0170640798586,4.03880380058,2.94854991481,0.828503209497,1112221221,1,RMLFQTSYTLENNGSVICIPNNGQCFCLAWLKSNGTNAEKLAANILQWITFALSALCLMFYGYQTWKSTCGWEEIYVATIEMIKFIIEYFHEFDSPATVYLSTGNHAYCLRYFEWLLSCPVILIRLSNLSGLKNDYSKRTMGLIVSCVGMIVFGMAAGLATDWLKWLLYIVSCIYGGYMYFQAAKCYVEAYHTVPKGRCRQVVTGMAWLFFVSWGSYPILWAVGPEGLLKLSPYANSIGHSICDIIAKEFWTFLAHHLRIKIHEHILIHGDIRKTTKLNIGGTEIEVETLVEDE,-0.931693892686,-0.0825857789773,-1,-1.0,1.0,1.0,1.0,1,1,1,1
19,c24,0.187172792204,0.163736107123,0.134612861331,0.139947464645,0.212315826729,0.0428941244792,0.33137967098,0.237976037354,0.450644636241,0.330008742959,1.39576079897,0.851510698213,0.226854530926,1011022210,1,RMLFQTSYTLENNGSVICIPNNGQCFCLAWLKSNGALWEQETARGFQWFTFALSALCLMFYGYQTWKSTCGWEEIYVATIEMIKFIIEYFHEFDEPAVIYSSNGNKTVWLRYAEWLLTCPVILIHLSNITGLSEAYNKRTMALLVSCVGMIVFGMAAGLATDWLKWLLYIVSCIYGGYMYFQAAKCYVEANHSVPKGHCRMVVKLMAYAYFASWGSYPILWAVGPEGLLKLSVYGSTVGHTIIDLMSKNCWGLLGHYLRVLIHEHIIMYGDIRRPVSSQFLGRKVDVLAFVTEE,-1.54968036416,-1.10449051872,-1,-1.0,1.0,1.0,1.0,-1,-1,-1,1
20,c25,0.435484032635,0.0681773078577,0.0431573172187,0.0122900738782,0.433817390091,0.00790857270629,0.082741579702,0.0182657058574,0.0973282575754,0.0117578059628,0.190343175953,0.0433215583533,0.00783832915619,1201120122,1,RMLFQTSYTLENNGSVICIPNNGQCFCLAWLKSNGTPGEKIGAQVCQWIAVFLSALFLAFYGWHAYKASVGWEEVYVCSVELIKVILEIYFEFTEPAVIYSSNGNKTVWLRYAEWLLTCPVILIHLSNLTGLANDYNKRTMGLLVSCVGMIVFGMAAGLATDWLKWLLYIVSCIYGGYMYFQAAKCYVESYYIMPAGGCKKLVLAMTAVYYSSWGMFPILFILGPEGFGVLSPYANSIGHSICDIIAKEFWTFLAHHLRIKIHEHILIHGDIRKTTKMEIGGEEVEVEEFVEEE,-0.835131593585,-2.49203302577,-1,-1.0,-1.0,-1.0,-1.0,1,-1,-1,-1
21,c28,0.333958332822,0.0,0.274895736169,0.0,0.330752981116,0.0,0.266251811809,0.0,0.819482077072,0.0,0.935754599563,0.0,0.218188587765,1222121000,1,RMLFQTSYTLENNGSVICIPNNGQCFCLAWLKSNGTPGEKIGAQVCQWIAFSIAIALLTFYGFSAWKATCGWEEVYVCCVEVLFVTLEIFKEFSSPATVYLSTGNHAYCLRYFEWLLTCPVILIHLSNLTGLANDYNKRTMGLLVSCVGMIVFGMAAGLATDWLKWLLYIVSCIYGGYMYFQAAKCYVEAYHTVPKGRCRQVVTGMAWLFFVSWLMFPGLFIFGPEGMHTLSVAGSTIGHTIADLLSKNIWGLLGHFLRIKIHEHIIMYGDIRRPVSSQFLGRKVDVLAFVTEE,-1.10638346283,-1.32331275707,-1,-1.0,1.0,1.0,1.0,1,-1,-1,1
22,c29,0.712219211104,0.0,0.0125501781046,0.0,0.222623098946,0.0,0.0154297057468,0.0,0.0195427178026,0.0,0.0791749719601,0.0,0.000301538385187,1122100211,1,RMLFQTSYTLENNGSVICIPNNGQCFCLAWLKSNGTNAEKLAANILQWIAFSIAIALLTFYGFSAWKATCGWEEVYVCCVEVLFVTLEIFKEFSSPATVYLSTGNHAYCLRYFEWLLTCPVILIHLSNLTGLANDYNKRTMGLLVSDLGTICMGVTAALATGWVKWLFYCIGLVYGTQTFYNAGIIYVESYYIMPAGGCKKLVLAMTAVYYSSWGSYPILWAVGPEGLLKLSVYGSTVGHTIIDLMSKNCWGLLGHYLRVLIHEHILIHGDIRKTTKLNIGGTEIEVETLVEDE,-1.50227507667,-4.17146068299,-1,-1.0,-1.0,-1.0,-1.0,1,-1,-1,-1
23,c30,0.205566007532,0.0,0.024765951796,0.0,0.473328055019,0.0,0.0227163423329,0.0,0.0549809000417,0.0,0.0537706208969,0.0,0.00124896494712,1102011111,1,RMLFQTSYTLENNGSVICIPNNGQCFCLAWLKSNGTNAEKLAANILQWIAVFLSALFLAFYGWHAYKASVGWEEVYVCSVELIKVILEIYFEFTSPATVYLSTGNHAYCLRYFEWLLTCPVILIHLSNITGLSEAYNKRTMALLVSDIGTIVWGTTAALSKGYVRVIFFLMGLCYGIYTFFNAAKVYIEAYHTVPKGRCRQVVTGMAWLFFVSWGMFPILFILGPEGFGVLSVYGSTVGHTIIDLMSKNCWGLLGHYLRVLIHEHILIHGDIRKTTKLNIGGTEIEVETLVEDE,-0.747966568485,-3.78467068696,-1,-1.0,-1.0,-1.0,-1.0,1,-1,-1,-1
24,c31,0.269119999705,0.147144588118,0.0123081720613,0.00635243019365,0.480274928912,0.281503821001,0.0471051925601,0.0133355192518,0.0518856735104,0.0192290496764,0.149211893882,0.0834790648629,0.00268616251103,1120022021,1,RMLFQTSYTLENNGSVICIPNNGQCFCLAWLKSNGTNAEKLAANILQWIAFSIAIALLTFYGFSAWKATCGWEEVYVCCVEVLFVTLEIFKEFSSPAMLFLYGGNITPWLRYAEWLLTCPVILIHLSNITGLSEAYNKRTMALLVSCVGMIVFGMAAGLATDWLKWLLYIVSCIYGGYMYFQAAKCYVEANHSVPKGHCRMVVKLMAYAYFASWLMFPGLFIFGPEGMHTLSPYANSIGHSICDIIAKEFWTFLAHHLRIKIHEHILIHGDIRKTTKLNIGGTEIEVETLVEDE,-0.733396570483,-3.0553720386,1,1.0,-1.0,-1.0,-1.0,1,-1,-1,-1
25,c32,0.445107111488,0.0,0.210847748318,0.0,0.926510609793,0.0,0.0795025099572,0.0,0.458761932741,0.0,0.0866942419854,0.0,0.0364727251257,1221001222,1,RMLFQTSYTLENNGSVICIPNNGQCFCLAWLKSNGTPGEKIGAQVCQWIAFSIAIALLTFYGFSAWKATCGWEEVYVCCVEVLFVTLEIFKEFSEPAVIYSSNGNKTVWLRYAEWLLTCPVILIHLSNITGLSEAYNKRTMALLVSDLGTICMGVTAALATGWVKWLFYCIGLVYGTQTFYNAGIIYVEAYHTVPKGRCRQVVTGMAWLFFVSWGSYPILWAVGPEGLLKLSPYANSIGHSICDIIAKEFWTFLAHHLRIKIHEHILIHGDIRKTTKMEIGGEEVEVEEFVEEE,-0.0763297818458,-2.53196668603,1,1.0,-1.0,-1.0,-1.0,1,-1,-1,-1
26,c33,0.163603560082,0.0921202907049,0.00954065681496,0.00276255932603,0.309178007626,0.124492031081,0.104296952448,0.0800096284612,0.0710193122003,0.0214056634171,0.662395817469,0.833068941794,0.00865297001902,1101112200,1,RMLFQTSYTLENNGSVICIPNNGQCFCLAWLKSNGTNAEKLAANILQWIAVFLSALFLAFYGWHAYKASVGWEEVYVCSVELIKVILEIYFEFTEPAVIYSSNGNKTVWLRYAEWLLTCPVILIHLSNLTGLANDYNKRTMGLLVSDIGTIVWGTTAALSKGYVRVIFFLMGLCYGIYTFFNAAKVYIEANHSVPKGHCRMVVKLMAYAYFASWGSYPILWAVGPEGLLKLSVAGSTIGHTIADLLSKNIWGLLGHFLRIKIHEHIIMYGDIRRPVSSQFLGRKVDVLAFVTEE,-1.17383809149,-2.2605131365,-1,-1.0,-1.0,-1.0,1.0,1,-1,-1,1
27,c34,0.0515528378803,0.0129980155653,0.0134353115986,0.00624114209564,0.19093568757,0.0248560350779,0.217408394759,0.0700042036299,0.248447685928,0.0521925137351,1.19017134325,0.0615443569164,0.0576683079387,1011111021,1,RMLFQTSYTLENNGSVICIPNNGQCFCLAWLKSNGALWEQETARGFQWFTFALSALCLMFYGYQTWKSTCGWEEIYVATIEMIKFIIEYFHEFDEPAVIYSSNGNKTVWLRYAEWLLTCPVILIHLSNLTGLANDYNKRTMGLLVSDIGTIVWGTTAALSKGYVRVIFFLMGLCYGIYTFFNAAKVYIEAYHTVPKGRCRQVVTGMAWLFFVSWLMFPGLFIFGPEGMHTLSPYANSIGHSICDIIAKEFWTFLAHHLRIKIHEHILIHGDIRKTTKLNIGGTEIEVETLVEDE,-1.65581862193,-1.52597769069,-1,-1.0,1.0,1.0,1.0,-1,-1,-1,1
28,c35,0.139255073414,0.0,0.00366561474955,0.0,0.41462514524,0.0,0.0211683952799,0.0,0.0231378335467,0.0,0.0637415845296,0.0,0.000489790806437,1002202201,1,RMLFQTSYTLENNGSVICIPNNGQCFCLAWLKSNGALWEQETARGFQWFAVFLSALFLAFYGWHAYKASVGWEEVYVCSVELIKVILEIYFEFTSPATVYLSTGNHAYCLRYFEWLLSCPVILIRLSNLSGLKNDYSKRTMGLIVSDLGTICMGVTAALATGWVKWLFYCIGLVYGTQTFYNAGIIYVEANHSVPKGHCRMVVKLMAYAYFASWGSYPILWAVGPEGLLKLSVAGSTIGHTIADLLSKNIWGLLGHFLRIKIHEHILIHGDIRKTTKLNIGGTEIEVETLVEDE,-0.880380431423,-3.85524599832,-1,-1.0,-1.0,-1.0,-1.0,1,-1,-1,-1
29,c36,0.495108226797,0.35557048121,0.0717125381163,0.0666474156875,0.199930486957,0.0917491846255,0.0507698495863,0.0128799495674,0.115791002219,0.0866868650406,0.312860436465,0.103766776524,0.00688133257326,0100000000,1,EYHAPAGYQVNPPYHPVHGYE---EQCSSIYIYYGTNAEKLAANILQWIAVFLSALFLAFYGWHAYKASVGWEEVYVCSVELIKVILEIYFEFTSPAMLFLYGGNITPWLRYAEWLLTCPVILIHLSNITGLSEAYNKRTMALLVSDLGTICMGVTAALATGWVKWLFYCIGLVYGTQTFYNAGIIYVESYYIMPAGGCKKLVLAMTAVYYSSWLMFPGLFIFGPEGMHTLSVAGSTIGHTIADLLSKNIWGLLGHFLRIKIHEHIIMYGDIRRPVSSQFLGRKVDVLAFVTEE,-1.60978553806,-2.98045261268,-1,-1.0,-1.0,-1.0,-1.0,-1,-1,-1,-1
30,c37,0.119436852763,0.0787878672099,0.0818198899345,0.0771249177986,0.157297620851,0.0489876786185,0.168916713845,0.108360008564,0.477341154891,0.360300979751,1.45009581368,1.12360722381,0.11912352675,0010000000,1,EYHAPAGYQVNPPYHPVHGYE---EQCSSIYIYYGALWEQETARGFQWFTFALSALCLMFYGYQTWKSTCGWEEIYVATIEMIKFIIEYFHEFDSPAMLFLYGGNITPWLRYAEWLLTCPVILIHLSNITGLSEAYNKRTMALLVSDLGTICMGVTAALATGWVKWLFYCIGLVYGTQTFYNAGIIYVESYYIMPAGGCKKLVLAMTAVYYSSWLMFPGLFIFGPEGMHTLSVAGSTIGHTIADLLSKNIWGLLGHFLRIKIHEHIIMYGDIRRPVSSQFLGRKVDVLAFVTEE,-1.84961559395,-1.77834950302,-1,-1.0,1.0,1.0,1.0,-1,-1,-1,1
31,c39,0.55977316926,0.0,0.446347326089,0.0,0.144777593529,0.0,0.213943104907,0.0,0.807589526729,0.0,1.51222291155,0.0,0.172778210839,0000100000,1,EYHAPAGYQVNPPYHPVHGYE---EQCSSIYIYYGALWEQETARGFQWFAVFLSALFLAFYGWHAYKASVGWEEVYVCSVELIKVILEIYFEFTSPAMLFLYGGNITPWLRYAEWLLTCPVILIHLSNLTGLANDYNKRTMGLLVSDLGTICMGVTAALATGWVKWLFYCIGLVYGTQTFYNAGIIYVESYYIMPAGGCKKLVLAMTAVYYSSWLMFPGLFIFGPEGMHTLSVAGSTIGHTIADLLSKNIWGLLGHFLRIKIHEHIIMYGDIRRPVSSQFLGRKVDVLAFVTEE,-1.93255655183,-1.54204516423,-1,-1.0,1.0,1.0,1.0,-1,-1,-1,1
32,c40,0.384618747932,0.044852540861,0.269436694321,0.0867210833158,0.130050012441,0.02705053529,0.248751146726,0.118252880779,0.732277981368,0.225631812454,1.68509371477,0.648816770337,0.208820950153,0000010000,1,EYHAPAGYQVNPPYHPVHGYE---EQCSSIYIYYGALWEQETARGFQWFAVFLSALFLAFYGWHAYKASVGWEEVYVCSVELIKVILEIYFEFTSPAMLFLYGGNITPWLRYAEWLLTCPVILIHLSNITGLSEAYNKRTMALLVSDIGTIVWGTTAALSKGYVRVIFFLMGLCYGIYTFFNAAKVYIESYYIMPAGGCKKLVLAMTAVYYSSWLMFPGLFIFGPEGMHTLSVAGSTIGHTIADLLSKNIWGLLGHFLRIKIHEHIIMYGDIRRPVSSQFLGRKVDVLAFVTEE,-2.03983619142,-1.391302293,-1,-1.0,1.0,1.0,1.0,-1,-1,-1,1
33,c41,0.67073660857,0.066462922881,0.569415414972,0.0909648925067,0.196938524456,0.0294804553727,0.412880614312,0.18813502646,0.877597136291,0.169991895571,2.10980280435,1.20327465063,0.393523986357,0000001000,1,EYHAPAGYQVNPPYHPVHGYE---EQCSSIYIYYGALWEQETARGFQWFAVFLSALFLAFYGWHAYKASVGWEEVYVCSVELIKVILEIYFEFTSPAMLFLYGGNITPWLRYAEWLLTCPVILIHLSNITGLSEAYNKRTMALLVSDLGTICMGVTAALATGWVKWLFYCIGLVYGTQTFYNAGIIYVEAYHTVPKGRCRQVVTGMAWLFFVSWLMFPGLFIFGPEGMHTLSVAGSTIGHTIADLLSKNIWGLLGHFLRIKIHEHIIMYGDIRRPVSSQFLGRKVDVLAFVTEE,-1.62486365754,-0.884596797272,-1,-1.0,1.0,1.0,1.0,-1,1,-1,1
34,c42,1.78554715925,1.06594800493,1.77558545557,1.2375156486,0.266229892963,0.0874031522942,0.714408371958,0.359114880925,0.935088413985,0.162522744601,2.56773436452,0.6437246036,0.725983933698,0000000100,1,EYHAPAGYQVNPPYHPVHGYE---EQCSSIYIYYGALWEQETARGFQWFAVFLSALFLAFYGWHAYKASVGWEEVYVCSVELIKVILEIYFEFTSPAMLFLYGGNITPWLRYAEWLLTCPVILIHLSNITGLSEAYNKRTMALLVSDLGTICMGVTAALATGWVKWLFYCIGLVYGTQTFYNAGIIYVESYYIMPAGGCKKLVLAMTAVYYSSWGMFPILFILGPEGFGVLSVAGSTIGHTIADLLSKNIWGLLGHFLRIKIHEHIIMYGDIRRPVSSQFLGRKVDVLAFVTEE,-1.3233950842,-0.336300530622,-1,-1.0,1.0,1.0,1.0,1,1,1,1
35,c43,0.148541829457,0.0689500425012,0.0624887165247,0.0537629776538,0.112758630685,0.0178674961475,0.179138227015,0.121984131996,0.552597337494,0.423954672368,1.86134920386,1.19361500044,0.150253306997,0000000010,1,EYHAPAGYQVNPPYHPVHGYE---EQCSSIYIYYGALWEQETARGFQWFAVFLSALFLAFYGWHAYKASVGWEEVYVCSVELIKVILEIYFEFTSPAMLFLYGGNITPWLRYAEWLLTCPVILIHLSNITGLSEAYNKRTMALLVSDLGTICMGVTAALATGWVKWLFYCIGLVYGTQTFYNAGIIYVESYYIMPAGGCKKLVLAMTAVYYSSWLMFPGLFIFGPEGMHTLSVYGSTVGHTIIDLMSKNCWGLLGHYLRVLIHEHIIMYGDIRRPVSSQFLGRKVDVLAFVTEE,-2.18250575643,-1.71959755319,-1,-1.0,1.0,1.0,1.0,-1,-1,-1,1
36,c44,0.393908782388,0.0,0.179825066012,0.0,0.0823771307475,0.0,0.0928256962323,0.0,0.465707310804,0.0,1.19444415914,0.0,0.0432296053659,0000000001,1,EYHAPAGYQVNPPYHPVHGYE---EQCSSIYIYYGALWEQETARGFQWFAVFLSALFLAFYGWHAYKASVGWEEVYVCSVELIKVILEIYFEFTSPAMLFLYGGNITPWLRYAEWLLTCPVILIHLSNITGLSEAYNKRTMALLVSDLGTICMGVTAALATGWVKWLFYCIGLVYGTQTFYNAGIIYVESYYIMPAGGCKKLVLAMTAVYYSSWLMFPGLFIFGPEGMHTLSVAGSTIGHTIADLLSKNIWGLLGHFLRIKIHEHILIHGDIRKTTKLNIGGTEIEVETLVEDE,-2.49644742006,-2.37703177846,-1,-1.0,-1.0,-1.0,1.0,-1,-1,-1,1
37,c46,0.345125959067,0.0,0.0160454887316,0.0,0.178364550034,0.0,0.0357924734069,0.0,0.0409539537389,0.0,0.209682869912,0.0,0.00146584330011,0200000000,1,EYHAPAGYQVNPPYHPVHGYE---EQCSSIYIYYGTPGEKIGAQVCQWIAVFLSALFLAFYGWHAYKASVGWEEVYVCSVELIKVILEIYFEFTSPAMLFLYGGNITPWLRYAEWLLTCPVILIHLSNITGLSEAYNKRTMALLVSDLGTICMGVTAALATGWVKWLFYCIGLVYGTQTFYNAGIIYVESYYIMPAGGCKKLVLAMTAVYYSSWLMFPGLFIFGPEGMHTLSVAGSTIGHTIADLLSKNIWGLLGHFLRIKIHEHIIMYGDIRRPVSSQFLGRKVDVLAFVTEE,-1.72392578915,-3.33001764771,-1,-1.0,-1.0,-1.0,-1.0,-1,-1,-1,-1
38,c47,0.192084303782,0.11356389882,0.00920868528343,0.00568605681013,0.139566771552,0.0179585366028,0.0422969093023,0.0135884736001,0.0589187405471,0.0311429261391,0.307434961687,0.135349328815,0.00289863564312,0020000000,1,EYHAPAGYQVNPPYHPVHGYE---EQCSSIYIYYGALWEQETARGFQWFAFSIAIALLTFYGFSAWKATCGWEEVYVCCVEVLFVTLEIFKEFSSPAMLFLYGGNITPWLRYAEWLLTCPVILIHLSNITGLSEAYNKRTMALLVSDLGTICMGVTAALATGWVKWLFYCIGLVYGTQTFYNAGIIYVESYYIMPAGGCKKLVLAMTAVYYSSWLMFPGLFIFGPEGMHTLSVAGSTIGHTIADLLSKNIWGLLGHFLRIKIHEHIIMYGDIRRPVSSQFLGRKVDVLAFVTEE,-1.96921214312,-3.16304126174,-1,-1.0,-1.0,-1.0,-1.0,-1,-1,-1,-1
39,c48,0.640995750702,0.0382926050478,0.450224196023,0.0447485278571,0.128414569288,0.000760459911162,0.191855703051,0.0505082735678,0.69550421039,0.0229987091182,1.48377875801,0.400768972444,0.134598074351,0002000000,1,EYHAPAGYQVNPPYHPVHGYE---EQCSSIYIYYGALWEQETARGFQWFAVFLSALFLAFYGWHAYKASVGWEEVYVCSVELIKVILEIYFEFTSPATVYLSTGNHAYCLRYFEWLLTCPVILIHLSNITGLSEAYNKRTMALLVSDLGTICMGVTAALATGWVKWLFYCIGLVYGTQTFYNAGIIYVESYYIMPAGGCKKLVLAMTAVYYSSWLMFPGLFIFGPEGMHTLSVAGSTIGHTIADLLSKNIWGLLGHFLRIKIHEHIIMYGDIRRPVSSQFLGRKVDVLAFVTEE,-2.05249142619,-1.65101173612,-1,-1.0,1.0,1.0,1.0,-1,-1,-1,1
40,c49,0.99416320036,0.044541479877,0.758494216537,0.0624375213359,0.159974788849,0.00384547083704,0.223951080613,0.0439042868298,0.760238936345,0.022550064257,1.38369895843,0.217980650246,0.171246375808,0000200000,1,EYHAPAGYQVNPPYHPVHGYE---EQCSSIYIYYGALWEQETARGFQWFAVFLSALFLAFYGWHAYKASVGWEEVYVCSVELIKVILEIYFEFTSPAMLFLYGGNITPWLRYAEWLLSCPVILIRLSNLSGLKNDYSKRTMGLIVSDLGTICMGVTAALATGWVKWLFYCIGLVYGTQTFYNAGIIYVESYYIMPAGGCKKLVLAMTAVYYSSWLMFPGLFIFGPEGMHTLSVAGSTIGHTIADLLSKNIWGLLGHFLRIKIHEHIIMYGDIRRPVSSQFLGRKVDVLAFVTEE,-1.83273904586,-1.4963276411,-1,-1.0,1.0,1.0,1.0,-1,-1,-1,1
41,c50,1.01020942242,0.0195840581425,0.997007844162,0.038443975438,0.419642613156,0.0502819353189,0.663274547888,0.105897614414,0.997908072861,0.0490277260882,1.39650635481,0.0972198739501,0.667078945094,0000020000,1,EYHAPAGYQVNPPYHPVHGYE---EQCSSIYIYYGALWEQETARGFQWFAVFLSALFLAFYGWHAYKASVGWEEVYVCSVELIKVILEIYFEFTSPAMLFLYGGNITPWLRYAEWLLTCPVILIHLSNITGLSEAYNKRTMALLVSCVGMIVFGMAAGLATDWLKWLLYIVSCIYGGYMYFQAAKCYVESYYIMPAGGCKKLVLAMTAVYYSSWLMFPGLFIFGPEGMHTLSVAGSTIGHTIADLLSKNIWGLLGHFLRIKIHEHIIMYGDIRRPVSSQFLGRKVDVLAFVTEE,-0.868351851001,-0.410566275133,-1,-1.0,1.0,1.0,1.0,1,1,1,1
42,c51,0.637051968492,0.00483541000836,0.0171842319311,0.00137137342823,0.220173721349,0.0126688033238,0.0288819697713,0.0058996127286,0.0262392660243,0.00632826598587,0.130281688871,0.0184012681667,0.000795176006694,0000002000,1,EYHAPAGYQVNPPYHPVHGYE---EQCSSIYIYYGALWEQETARGFQWFAVFLSALFLAFYGWHAYKASVGWEEVYVCSVELIKVILEIYFEFTSPAMLFLYGGNITPWLRYAEWLLTCPVILIHLSNITGLSEAYNKRTMALLVSDLGTICMGVTAALATGWVKWLFYCIGLVYGTQTFYNAGIIYVEANHSVPKGHCRMVVKLMAYAYFASWLMFPGLFIFGPEGMHTLSVAGSTIGHTIADLLSKNIWGLLGHFLRIKIHEHIIMYGDIRRPVSSQFLGRKVDVLAFVTEE,-1.51333840174,-3.54453776191,-1,-1.0,-1.0,-1.0,-1.0,1,-1,-1,-1
43,c52,1.97853299394,1.20074960327,1.97273936058,1.44559245302,0.191944630442,0.0589956941258,0.519070663556,0.303757823917,0.913597247862,0.193443963715,2.33527332342,0.838605666317,0.530313986817,0000000200,1,EYHAPAGYQVNPPYHPVHGYE---EQCSSIYIYYGALWEQETARGFQWFAVFLSALFLAFYGWHAYKASVGWEEVYVCSVELIKVILEIYFEFTSPAMLFLYGGNITPWLRYAEWLLTCPVILIHLSNITGLSEAYNKRTMALLVSDLGTICMGVTAALATGWVKWLFYCIGLVYGTQTFYNAGIIYVESYYIMPAGGCKKLVLAMTAVYYSSWGSYPILWAVGPEGLLKLSVAGSTIGHTIADLLSKNIWGLLGHFLRIKIHEHIIMYGDIRRPVSSQFLGRKVDVLAFVTEE,-1.65054833166,-0.655715251797,-1,-1.0,1.0,1.0,1.0,-1,1,1,1
44,c53,1.34076108134,0.224516262092,0.0303698837485,0.00554735187446,0.250235363963,0.046624233628,0.0490104294763,0.0191339350784,0.0224155472653,0.00111770925652,0.152127618395,0.023184579298,0.00111998177477,0000000020,1,EYHAPAGYQVNPPYHPVHGYE---EQCSSIYIYYGALWEQETARGFQWFAVFLSALFLAFYGWHAYKASVGWEEVYVCSVELIKVILEIYFEFTSPAMLFLYGGNITPWLRYAEWLLTCPVILIHLSNITGLSEAYNKRTMALLVSDLGTICMGVTAALATGWVKWLFYCIGLVYGTQTFYNAGIIYVESYYIMPAGGCKKLVLAMTAVYYSSWLMFPGLFIFGPEGMHTLSPYANSIGHSICDIIAKEFWTFLAHHLRIKIHEHIIMYGDIRRPVSSQFLGRKVDVLAFVTEE,-1.38535334816,-3.01572215707,-1,-1.0,-1.0,-1.0,-1.0,1,-1,-1,-1
45,c54,0.200461719276,0.0235952986477,0.0399374817529,0.00804262142246,0.0740763014,0.00169418199765,0.0740127904473,0.00591812423338,0.182471930765,0.0189244226458,0.969715670806,0.0556875480032,0.01339325969,0000000002,1,EYHAPAGYQVNPPYHPVHGYE---EQCSSIYIYYGALWEQETARGFQWFAVFLSALFLAFYGWHAYKASVGWEEVYVCSVELIKVILEIYFEFTSPAMLFLYGGNITPWLRYAEWLLTCPVILIHLSNITGLSEAYNKRTMALLVSDLGTICMGVTAALATGWVKWLFYCIGLVYGTQTFYNAGIIYVESYYIMPAGGCKKLVLAMTAVYYSSWLMFPGLFIFGPEGMHTLSVAGSTIGHTIADLLSKNIWGLLGHFLRIKIHEHILIHGDIRKTTKMEIGGEEVEVEEFVEEE,-2.602659617,-2.60351735683,-1,-1.0,-1.0,-1.0,1.0,-1,-1,-1,1
46,c55,0.285652420754,0.0348316058496,0.00730587730197,0.00292565856136,0.379049417674,0.00111467527984,0.0219945570699,7.32929670058e-05,0.0236406416656,0.00786911208198,0.0670658590874,0.00816984303218,0.000520542192855,0222222222,1,EYHAPAGYQVNPPYHPVHGYE---EQCSSIYIYYGTPGEKIGAQVCQWIAFSIAIALLTFYGFSAWKATCGWEEVYVCCVEVLFVTLEIFKEFSSPATVYLSTGNHAYCLRYFEWLLSCPVILIRLSNLSGLKNDYSKRTMGLIVSCVGMIVFGMAAGLATDWLKWLLYIVSCIYGGYMYFQAAKCYVEANHSVPKGHCRMVVKLMAYAYFASWGSYPILWAVGPEGLLKLSPYANSIGHSICDIIAKEFWTFLAHHLRIKIHEHILIHGDIRKTTKMEIGGEEVEVEEFVEEE,-0.970088692759,-3.81696026215,-1,-1.0,-1.0,-1.0,-1.0,1,-1,-1,-1
47,c56,0.842168949062,0.0421440466662,0.716413136469,0.0343190041696,0.568608257975,0.086919688892,0.624005932818,0.0762782795841,0.829419493414,0.0135304155407,1.13134456012,0.0806913244998,0.518594761505,2022222222,1,GFDELAKGAVVPEDHFVCGPA-DKCYCSAWLHSRGALWEQETARGFQWFAFSIAIALLTFYGFSAWKATCGWEEVYVCCVEVLFVTLEIFKEFSSPATVYLSTGNHAYCLRYFEWLLSCPVILIRLSNLSGLKNDYSKRTMGLIVSCVGMIVFGMAAGLATDWLKWLLYIVSCIYGGYMYFQAAKCYVEANHSVPKGHCRMVVKLMAYAYFASWGSYPILWAVGPEGLLKLSPYANSIGHSICDIIAKEFWTFLAHHLRIKIHEHILIHGDIRKTTKMEIGGEEVEVEEFVEEE,-0.564563556524,-0.471595402937,1,1.0,1.0,1.0,1.0,1,1,1,1
48,c57,0.508903846157,0.234189169327,0.360402340139,0.225627149571,1.10061945415,0.353625894953,0.181800467079,0.0408456876776,0.586361019913,0.262521588053,0.197656783473,0.0523679974951,0.117273155937,2202222222,1,GFDELAKGAVVPEDHFVCGPA-DKCYCSAWLHSRGTPGEKIGAQVCQWIAVFLSALFLAFYGWHAYKASVGWEEVYVCSVELIKVILEIYFEFTSPATVYLSTGNHAYCLRYFEWLLSCPVILIRLSNLSGLKNDYSKRTMGLIVSCVGMIVFGMAAGLATDWLKWLLYIVSCIYGGYMYFQAAKCYVEANHSVPKGHCRMVVKLMAYAYFASWGSYPILWAVGPEGLLKLSPYANSIGHSICDIIAKEFWTFLAHHLRIKIHEHILIHGDIRKTTKMEIGGEEVEVEEFVEEE,0.0958731614368,-1.70484552805,1,1.0,1.0,1.0,-1.0,1,-1,-1,-1
49,c58,0.538472874019,0.237771109622,0.465171762819,0.23389959927,0.699614460037,0.201557618766,1.12601002926,0.114621094661,0.869236835192,0.0376164816896,1.68972006537,0.322549017678,0.979766693624,2220222222,1,GFDELAKGAVVPEDHFVCGPA-DKCYCSAWLHSRGTPGEKIGAQVCQWIAFSIAIALLTFYGFSAWKATCGWEEVYVCCVEVLFVTLEIFKEFSSPAMLFLYGGNITPWLRYAEWLLSCPVILIRLSNLSGLKNDYSKRTMGLIVSCVGMIVFGMAAGLATDWLKWLLYIVSCIYGGYMYFQAAKCYVEANHSVPKGHCRMVVKLMAYAYFASWGSYPILWAVGPEGLLKLSPYANSIGHSICDIIAKEFWTFLAHHLRIKIHEHILIHGDIRKTTKMEIGGEEVEVEEFVEEE,-0.357225867045,0.118680436658,1,1.0,1.0,1.0,1.0,1,1,1,1
50,c59,0.225488825669,0.000794689500082,0.00753265220159,0.00051624155877,0.741148484097,0.03624001419,0.0262561132416,0.00461856984155,0.0381859724091,0.00160439746571,0.041354361383,0.0121514784676,0.000995205194065,2222022222,1,GFDELAKGAVVPEDHFVCGPA-DKCYCSAWLHSRGTPGEKIGAQVCQWIAFSIAIALLTFYGFSAWKATCGWEEVYVCCVEVLFVTLEIFKEFSSPATVYLSTGNHAYCLRYFEWLLTCPVILIHLSNITGLSEAYNKRTMALLVSCVGMIVFGMAAGLATDWLKWLLYIVSCIYGGYMYFQAAKCYVEANHSVPKGHCRMVVKLMAYAYFASWGSYPILWAVGPEGLLKLSPYANSIGHSICDIIAKEFWTFLAHHLRIKIHEHILIHGDIRKTTKMEIGGEEVEVEEFVEEE,-0.299554290363,-3.63985643166,1,1.0,-1.0,-1.0,-1.0,1,-1,-1,-1
51,c60,0.294261104953,0.0841099666188,0.0098082667279,0.00570286682826,0.274742646249,0.116650134798,0.0897186774416,0.105280609356,0.039653839263,0.0289387768868,0.514241913904,0.661974452495,0.0061479393468,2222202222,1,GFDELAKGAVVPEDHFVCGPA-DKCYCSAWLHSRGTPGEKIGAQVCQWIAFSIAIALLTFYGFSAWKATCGWEEVYVCCVEVLFVTLEIFKEFSSPATVYLSTGNHAYCLRYFEWLLSCPVILIRLSNLSGLKNDYSKRTMGLIVSDLGTICMGVTAALATGWVKWLFYCIGLVYGTQTFYNAGIIYVEANHSVPKGHCRMVVKLMAYAYFASWGSYPILWAVGPEGLLKLSPYANSIGHSICDIIAKEFWTFLAHHLRIKIHEHILIHGDIRKTTKMEIGGEEVEVEEFVEEE,-1.2919204513,-2.41107631039,-1,-1.0,-1.0,-1.0,1.0,1,-1,-1,1
52,c62,0.749962598391,0.203728600865,0.420571356501,0.116458235935,1.33690822997,0.102580926249,0.276149143386,0.0423989212033,0.572507052702,0.0916114109,0.200496967396,0.0368836564468,0.155292584586,2222222022,1,GFDELAKGAVVPEDHFVCGPA-DKCYCSAWLHSRGTPGEKIGAQVCQWIAFSIAIALLTFYGFSAWKATCGWEEVYVCCVEVLFVTLEIFKEFSSPATVYLSTGNHAYCLRYFEWLLSCPVILIRLSNLSGLKNDYSKRTMGLIVSCVGMIVFGMAAGLATDWLKWLLYIVSCIYGGYMYFQAAKCYVEANHSVPKGHCRMVVKLMAYAYFASWLMFPGLFIFGPEGMHTLSPYANSIGHSICDIIAKEFWTFLAHHLRIKIHEHILIHGDIRKTTKMEIGGEEVEVEEFVEEE,0.290359656998,-1.28681418463,1,1.0,1.0,1.0,-1.0,1,-1,-1,-1
53,c63,0.504802496621,0.202284549442,0.0253078742773,0.00708370606691,0.807019981965,0.0961954925135,0.0539526914222,0.0218429660663,0.0543938602292,0.00755623580883,0.0678817336541,0.034157293343,0.00308788598543,2222222202,1,GFDELAKGAVVPEDHFVCGPA-DKCYCSAWLHSRGTPGEKIGAQVCQWIAFSIAIALLTFYGFSAWKATCGWEEVYVCCVEVLFVTLEIFKEFSSPATVYLSTGNHAYCLRYFEWLLSCPVILIRLSNLSGLKNDYSKRTMGLIVSCVGMIVFGMAAGLATDWLKWLLYIVSCIYGGYMYFQAAKCYVEANHSVPKGHCRMVVKLMAYAYFASWGSYPILWAVGPEGLLKLSVAGSTIGHTIADLLSKNIWGLLGHFLRIKIHEHILIHGDIRKTTKMEIGGEEVEVEEFVEEE,-0.214406850219,-2.91964770118,1,1.0,-1.0,-1.0,-1.0,1,-1,-1,-1
54,c64,0.523337008992,0.296849043055,0.493401195418,0.317883157074,0.831991727345,0.132128450634,0.827307419668,0.163736811483,0.894276930359,0.144001053276,1.28630984443,0.2311076422,0.762821788449,2222222220,1,GFDELAKGAVVPEDHFVCGPA-DKCYCSAWLHSRGTPGEKIGAQVCQWIAFSIAIALLTFYGFSAWKATCGWEEVYVCCVEVLFVTLEIFKEFSSPATVYLSTGNHAYCLRYFEWLLSCPVILIRLSNLSGLKNDYSKRTMGLIVSCVGMIVFGMAAGLATDWLKWLLYIVSCIYGGYMYFQAAKCYVEANHSVPKGHCRMVVKLMAYAYFASWGSYPILWAVGPEGLLKLSPYANSIGHSICDIIAKEFWTFLAHHLRIKIHEHIIMYGDIRRPVSSQFLGRKVDVLAFVTEE,-0.183932781305,-0.189578924292,1,1.0,1.0,1.0,1.0,1,1,1,1
55,c66,1.4805164797,0.310087898285,1.21549809388,0.52190142369,1.82320105216,0.590654933351,0.333408983807,0.187328200838,0.809450124788,0.30720294908,0.203135324914,0.111420535202,0.312374386855,2212222222,1,GFDELAKGAVVPEDHFVCGPA-DKCYCSAWLHSRGTPGEKIGAQVCQWITFALSALCLMFYGYQTWKSTCGWEEIYVATIEMIKFIIEYFHEFDSPATVYLSTGNHAYCLRYFEWLLSCPVILIRLSNLSGLKNDYSKRTMGLIVSCVGMIVFGMAAGLATDWLKWLLYIVSCIYGGYMYFQAAKCYVEANHSVPKGHCRMVVKLMAYAYFASWGSYPILWAVGPEGLLKLSPYANSIGHSICDIIAKEFWTFLAHHLRIKIHEHILIHGDIRKTTKMEIGGEEVEVEEFVEEE,0.600593776044,-1.098385363,1,1.0,1.0,1.0,-1.0,1,-1,-1,-1
56,c69,0.289601710944,0.0,0.00139579922591,0.0,0.391165964841,0.0,0.0115596947563,0.0,0.00485639019571,0.0,0.0287924051328,0.0,5.61383882798e-05,2222212222,1,GFDELAKGAVVPEDHFVCGPA-DKCYCSAWLHSRGTPGEKIGAQVCQWIAFSIAIALLTFYGFSAWKATCGWEEVYVCCVEVLFVTLEIFKEFSSPATVYLSTGNHAYCLRYFEWLLSCPVILIRLSNLSGLKNDYSKRTMGLIVSDIGTIVWGTTAALSKGYVRVIFFLMGLCYGIYTFFNAAKVYIEANHSVPKGHCRMVVKLMAYAYFASWGSYPILWAVGPEGLLKLSPYANSIGHSICDIIAKEFWTFLAHHLRIKIHEHILIHGDIRKTTKMEIGGEEVEVEEFVEEE,-0.938623346547,-4.46023082125,-1,-1.0,-1.0,-1.0,-1.0,1,-1,-1,-1
57,c70,0.465123595772,0.0579260877399,0.41162884824,0.0532949579986,0.648847253308,0.0489545674323,0.900273392417,0.132876558845,0.884015287993,0.0136637353358,1.60940842857,0.224191556582,0.797671032402,2222221222,1,GFDELAKGAVVPEDHFVCGPA-DKCYCSAWLHSRGTPGEKIGAQVCQWIAFSIAIALLTFYGFSAWKATCGWEEVYVCCVEVLFVTLEIFKEFSSPATVYLSTGNHAYCLRYFEWLLSCPVILIRLSNLSGLKNDYSKRTMGLIVSCVGMIVFGMAAGLATDWLKWLLYIVSCIYGGYMYFQAAKCYVEAYHTVPKGRCRQVVTGMAWLFFVSWGSYPILWAVGPEGLLKLSPYANSIGHSICDIIAKEFWTFLAHHLRIKIHEHILIHGDIRKTTKMEIGGEEVEVEEFVEEE,-0.432557946977,-0.105056792434,1,1.0,1.0,1.0,1.0,1,1,1,1
58,c71,0.599457696706,0.0997535497995,0.426813692778,0.143673391168,0.814433237916,0.188139228894,0.36109340582,0.0434627690591,0.685446963976,0.16949854585,0.463589625705,0.146574787593,0.252584416871,2222222122,1,GFDELAKGAVVPEDHFVCGPA-DKCYCSAWLHSRGTPGEKIGAQVCQWIAFSIAIALLTFYGFSAWKATCGWEEVYVCCVEVLFVTLEIFKEFSSPATVYLSTGNHAYCLRYFEWLLSCPVILIRLSNLSGLKNDYSKRTMGLIVSCVGMIVFGMAAGLATDWLKWLLYIVSCIYGGYMYFQAAKCYVEANHSVPKGHCRMVVKLMAYAYFASWGMFPILFILGPEGFGVLSPYANSIGHSICDIIAKEFWTFLAHHLRIKIHEHILIHGDIRKTTKMEIGGEEVEVEEFVEEE,-0.205262821253,-1.01861861223,1,1.0,1.0,1.0,1.0,1,-1,-1,1
59,c72,0.283035682996,0.0481559366455,0.0132281683637,0.00759067783242,0.492255541581,0.202424441232,0.0614201258906,0.0462207089127,0.0469189975045,0.0300651072903,0.15291405338,0.148757614749,0.00417712592177,2222222212,1,GFDELAKGAVVPEDHFVCGPA-DKCYCSAWLHSRGTPGEKIGAQVCQWIAFSIAIALLTFYGFSAWKATCGWEEVYVCCVEVLFVTLEIFKEFSSPATVYLSTGNHAYCLRYFEWLLSCPVILIRLSNLSGLKNDYSKRTMGLIVSCVGMIVFGMAAGLATDWLKWLLYIVSCIYGGYMYFQAAKCYVEANHSVPKGHCRMVVKLMAYAYFASWGSYPILWAVGPEGLLKLSVYGSTVGHTIIDLMSKNCWGLLGHYLRVLIHEHILIHGDIRKTTKMEIGGEEVEVEEFVEEE,-0.708757303871,-2.7900177143,1,1.0,-1.0,-1.0,-1.0,1,-1,-1,-1
60,c73,0.0822915021949,0.00172453198558,0.0688637225008,0.00264352697304,0.205177539327,0.0432623430826,0.390692657169,0.0345993056635,0.821833213142,0.0132921726104,1.9222294256,0.24094417978,0.320624301849,2222222221,1,GFDELAKGAVVPEDHFVCGPA-DKCYCSAWLHSRGTPGEKIGAQVCQWIAFSIAIALLTFYGFSAWKATCGWEEVYVCCVEVLFVTLEIFKEFSSPATVYLSTGNHAYCLRYFEWLLSCPVILIRLSNLSGLKNDYSKRTMGLIVSCVGMIVFGMAAGLATDWLKWLLYIVSCIYGGYMYFQAAKCYVEANHSVPKGHCRMVVKLMAYAYFASWGSYPILWAVGPEGLLKLSPYANSIGHSICDIIAKEFWTFLAHHLRIKIHEHILIHGDIRKTTKLNIGGTEIEVETLVEDE,-1.58387962915,-0.939834071137,-1,-1.0,1.0,1.0,1.0,-1,-1,-1,1
61,c74,0.521460533421,0.153782428338,0.162748315075,0.0608024910867,0.227503058453,0.00515549214787,0.0920349108794,0.00931886444219,0.301518014872,0.0161711442542,0.392789763568,0.0268806386355,0.0275994869261,2001201210,1,GFDELAKGAVVPEDHFVCGPA-DKCYCSAWLHSRGALWEQETARGFQWFAVFLSALFLAFYGWHAYKASVGWEEVYVCSVELIKVILEIYFEFTEPAVIYSSNGNKTVWLRYAEWLLSCPVILIRLSNLSGLKNDYSKRTMGLIVSDLGTICMGVTAALATGWVKWLFYCIGLVYGTQTFYNAGIIYVEAYHTVPKGRCRQVVTGMAWLFFVSWGSYPILWAVGPEGLLKLSVYGSTVGHTIIDLMSKNCWGLLGHYLRVLIHEHIIMYGDIRRPVSSQFLGRKVDVLAFVTEE,-1.48059159693,-2.38558730783,-1,-1.0,-1.0,-1.0,1.0,1,-1,-1,1
62,c75,0.183450043484,0.0607889871953,0.00707801113496,0.00697995754894,0.294981915958,0.0464203093552,0.0160102880336,0.0068001261913,0.0273254856517,0.0178874871621,0.0549177082836,0.0229449698748,0.000499224652758,0021120211,1,EYHAPAGYQVNPPYHPVHGYE---EQCSSIYIYYGALWEQETARGFQWFAFSIAIALLTFYGFSAWKATCGWEEVYVCCVEVLFVTLEIFKEFSEPAVIYSSNGNKTVWLRYAEWLLTCPVILIHLSNLTGLANDYNKRTMGLLVSCVGMIVFGMAAGLATDWLKWLLYIVSCIYGGYMYFQAAKCYVESYYIMPAGGCKKLVLAMTAVYYSSWGSYPILWAVGPEGLLKLSVYGSTVGHTIIDLMSKNCWGLLGHYLRVLIHEHILIHGDIRKTTKLNIGGTEIEVETLVEDE,-1.22084122636,-4.13452376128,-1,-1.0,-1.0,-1.0,-1.0,1,-1,-1,-1
63,c76,0.13882509488,0.0599023273056,0.00208161938216,0.00184612093498,0.422189621177,0.187043101339,0.01606071321,0.00869013466209,0.0232283421059,0.0222985512996,0.0519311040198,0.0166284229047,0.000566841154469,2011212010,1,GFDELAKGAVVPEDHFVCGPA-DKCYCSAWLHSRGALWEQETARGFQWFTFALSALCLMFYGYQTWKSTCGWEEIYVATIEMIKFIIEYFHEFDEPAVIYSSNGNKTVWLRYAEWLLSCPVILIRLSNLSGLKNDYSKRTMGLIVSDIGTIVWGTTAALSKGYVRVIFFLMGLCYGIYTFFNAAKVYIEANHSVPKGHCRMVVKLMAYAYFASWLMFPGLFIFGPEGMHTLSVYGSTVGHTIIDLMSKNCWGLLGHYLRVLIHEHIIMYGDIRRPVSSQFLGRKVDVLAFVTEE,-0.862300726587,-4.13137916236,-1,-1.0,-1.0,-1.0,-1.0,1,-1,-1,-1
64,c77,1.77639646347,0.540648068204,0.138384666263,0.0383227232554,0.849738068648,0.046461833111,0.0812099544001,0.00320656217415,0.0689567442325,0.00080663861598,0.136121045155,0.0313719390132,0.00559738751783,0221021212,1,EYHAPAGYQVNPPYHPVHGYE---EQCSSIYIYYGTPGEKIGAQVCQWIAFSIAIALLTFYGFSAWKATCGWEEVYVCCVEVLFVTLEIFKEFSEPAVIYSSNGNKTVWLRYAEWLLTCPVILIHLSNITGLSEAYNKRTMALLVSCVGMIVFGMAAGLATDWLKWLLYIVSCIYGGYMYFQAAKCYVEAYHTVPKGRCRQVVTGMAWLFFVSWGSYPILWAVGPEGLLKLSVYGSTVGHTIIDLMSKNCWGLLGHYLRVLIHEHILIHGDIRKTTKMEIGGEEVEVEEFVEEE,-0.162827131519,-2.51071744819,1,1.0,-1.0,-1.0,-1.0,1,-1,-1,-1
65,c78,1.08220141607,0.941981506049,0.959026847411,0.945052078189,1.65753734538,1.12873616195,0.151074581121,0.0739652617931,0.638376458215,0.268414997501,0.128966716755,0.0551851234466,0.113910271174,2110220102,1,GFDELAKGAVVPEDHFVCGPA-DKCYCSAWLHSRGTNAEKLAANILQWITFALSALCLMFYGYQTWKSTCGWEEIYVATIEMIKFIIEYFHEFDSPAMLFLYGGNITPWLRYAEWLLSCPVILIRLSNLSGLKNDYSKRTMGLIVSCVGMIVFGMAAGLATDWLKWLLYIVSCIYGGYMYFQAAKCYVESYYIMPAGGCKKLVLAMTAVYYSSWGMFPILFILGPEGFGVLSVAGSTIGHTIADLLSKNIWGLLGHFLRIKIHEHILIHGDIRKTTKMEIGGEEVEVEEFVEEE,0.505332973973,-1.88998164939,1,1.0,1.0,1.0,-1.0,1,-1,-1,-1
66,c79,0.595578433033,0.0384401862976,0.0337421017594,0.0232160904762,0.719236558201,0.146297486666,0.0572369379209,0.0182266569624,0.0667290912261,0.0444878438682,0.0829225962479,0.0210167424704,0.00463023352121,2001210021,1,GFDELAKGAVVPEDHFVCGPA-DKCYCSAWLHSRGALWEQETARGFQWFAVFLSALFLAFYGWHAYKASVGWEEVYVCSVELIKVILEIYFEFTEPAVIYSSNGNKTVWLRYAEWLLSCPVILIRLSNLSGLKNDYSKRTMGLIVSDIGTIVWGTTAALSKGYVRVIFFLMGLCYGIYTFFNAAKVYIESYYIMPAGGCKKLVLAMTAVYYSSWLMFPGLFIFGPEGMHTLSPYANSIGHSICDIIAKEFWTFLAHHLRIKIHEHILIHGDIRKTTKLNIGGTEIEVETLVEDE,-0.329564965358,-2.86055582117,1,1.0,-1.0,-1.0,-1.0,1,-1,-1,-1
67,c80,0.28254916854,0.245173681224,0.0100956043284,0.00892065829533,0.470357215005,0.300570670839,0.0390619197093,0.0450027399361,0.0322522771238,0.0160748803878,0.0652316577433,0.0376351469578,0.00113832507399,0022211202,1,EYHAPAGYQVNPPYHPVHGYE---EQCSSIYIYYGALWEQETARGFQWFAFSIAIALLTFYGFSAWKATCGWEEVYVCCVEVLFVTLEIFKEFSSPATVYLSTGNHAYCLRYFEWLLSCPVILIRLSNLSGLKNDYSKRTMGLIVSDIGTIVWGTTAALSKGYVRVIFFLMGLCYGIYTFFNAAKVYIEAYHTVPKGRCRQVVTGMAWLFFVSWGSYPILWAVGPEGLLKLSVAGSTIGHTIADLLSKNIWGLLGHFLRIKIHEHILIHGDIRKTTKMEIGGEEVEVEEFVEEE,-0.754262841031,-3.24260720704,-1,-1.0,-1.0,-1.0,-1.0,1,-1,-1,-1
68,c81,2.14394040868,0.605454679619,0.0958401085207,0.00812023772109,1.40774780084,0.0318500434259,0.0552715361301,0.024078511386,0.0450356462153,0.00857869553646,0.039731552733,0.018233599394,0.00269575156508,0102221111,1,EYHAPAGYQVNPPYHPVHGYE---EQCSSIYIYYGTNAEKLAANILQWIAVFLSALFLAFYGWHAYKASVGWEEVYVCSVELIKVILEIYFEFTSPATVYLSTGNHAYCLRYFEWLLSCPVILIRLSNLSGLKNDYSKRTMGLIVSCVGMIVFGMAAGLATDWLKWLLYIVSCIYGGYMYFQAAKCYVEAYHTVPKGRCRQVVTGMAWLFFVSWGMFPILFILGPEGFGVLSVYGSTVGHTIIDLMSKNCWGLLGHYLRVLIHEHILIHGDIRKTTKLNIGGTEIEVETLVEDE,0.341991122971,-2.89549722032,1,1.0,-1.0,-1.0,-1.0,1,-1,-1,-1
69,c83,0.119419489451,0.0,0.000324585274354,0.0,0.240070416822,0.0,0.00731449791469,0.0,0.00231920676272,0.0,0.0313153868927,0.0,1.69638330296e-05,0020211220,1,EYHAPAGYQVNPPYHPVHGYE---EQCSSIYIYYGALWEQETARGFQWFAFSIAIALLTFYGFSAWKATCGWEEVYVCCVEVLFVTLEIFKEFSSPAMLFLYGGNITPWLRYAEWLLSCPVILIRLSNLSGLKNDYSKRTMGLIVSDIGTIVWGTTAALSKGYVRVIFFLMGLCYGIYTFFNAAKVYIEAYHTVPKGRCRQVVTGMAWLFFVSWGSYPILWAVGPEGLLKLSPYANSIGHSICDIIAKEFWTFLAHHLRIKIHEHIIMYGDIRRPVSSQFLGRKVDVLAFVTEE,-1.42682299525,-4.91789688464,-1,-1.0,-1.0,-1.0,-1.0,1,-1,-1,-1
70,c84,0.606788266122,0.251135848146,0.0395425986017,0.0199818773638,0.586934821982,0.00250801644648,0.0268255842604,0.0143542303927,0.0697935433422,0.0136740887663,0.0512469141007,0.0135556878302,0.00206853359832,0212020212,1,EYHAPAGYQVNPPYHPVHGYE---EQCSSIYIYYGTPGEKIGAQVCQWITFALSALCLMFYGYQTWKSTCGWEEIYVATIEMIKFIIEYFHEFDSPATVYLSTGNHAYCLRYFEWLLTCPVILIHLSNITGLSEAYNKRTMALLVSCVGMIVFGMAAGLATDWLKWLLYIVSCIYGGYMYFQAAKCYVESYYIMPAGGCKKLVLAMTAVYYSSWGSYPILWAVGPEGLLKLSVYGSTVGHTIIDLMSKNCWGLLGHYLRVLIHEHILIHGDIRKTTKMEIGGEEVEVEEFVEEE,-0.532841501125,-3.61839921026,1,1.0,-1.0,-1.0,-1.0,1,-1,-1,-1
71,c85,1.42909716419,0.202684856107,0.0600222456327,0.023032755285,1.14292137039,0.202425732725,0.0355651185429,0.00686625802484,0.0427351045608,0.0116704445663,0.0369502022413,0.0159576433258,0.0016000113433,2100210112,1,GFDELAKGAVVPEDHFVCGPA-DKCYCSAWLHSRGTNAEKLAANILQWIAVFLSALFLAFYGWHAYKASVGWEEVYVCSVELIKVILEIYFEFTSPAMLFLYGGNITPWLRYAEWLLSCPVILIRLSNLSGLKNDYSKRTMGLIVSDIGTIVWGTTAALSKGYVRVIFFLMGLCYGIYTFFNAAKVYIESYYIMPAGGCKKLVLAMTAVYYSSWGMFPILFILGPEGFGVLSVYGSTVGHTIIDLMSKNCWGLLGHYLRVLIHEHILIHGDIRKTTKMEIGGEEVEVEEFVEEE,0.133587590137,-3.33638993767,1,1.0,-1.0,-1.0,-1.0,1,-1,-1,-1
72,c86,1.31294488577,0.841460002923,0.130698776078,0.118113881778,1.71681983823,1.03228825428,0.0433562950489,0.0294015885218,0.0753449407662,0.0488360371875,0.0245229055792,0.00460767539473,0.00464649458996,2210020121,1,GFDELAKGAVVPEDHFVCGPA-DKCYCSAWLHSRGTPGEKIGAQVCQWITFALSALCLMFYGYQTWKSTCGWEEIYVATIEMIKFIIEYFHEFDSPAMLFLYGGNITPWLRYAEWLLTCPVILIHLSNITGLSEAYNKRTMALLVSCVGMIVFGMAAGLATDWLKWLLYIVSCIYGGYMYFQAAKCYVESYYIMPAGGCKKLVLAMTAVYYSSWGMFPILFILGPEGFGVLSPYANSIGHSICDIIAKEFWTFLAHHLRIKIHEHILIHGDIRKTTKLNIGGTEIEVETLVEDE,0.540473648181,-3.13830337179,1,1.0,-1.0,-1.0,-1.0,1,-1,-1,-1
73,c87,1.37306634292,0.269775257936,0.121462359774,0.00968203090122,1.20747344524,0.0564561746336,0.0718702112775,0.0414150409302,0.0816842820967,0.0202573829081,0.0739612040062,0.0520795884774,0.00670962695462,2100111220,1,GFDELAKGAVVPEDHFVCGPA-DKCYCSAWLHSRGTNAEKLAANILQWIAVFLSALFLAFYGWHAYKASVGWEEVYVCSVELIKVILEIYFEFTSPAMLFLYGGNITPWLRYAEWLLTCPVILIHLSNLTGLANDYNKRTMGLLVSDIGTIVWGTTAALSKGYVRVIFFLMGLCYGIYTFFNAAKVYIEAYHTVPKGRCRQVVTGMAWLFFVSWGSYPILWAVGPEGLLKLSPYANSIGHSICDIIAKEFWTFLAHHLRIKIHEHIIMYGDIRRPVSSQFLGRKVDVLAFVTEE,0.188530114783,-2.63289340779,1,1.0,-1.0,-1.0,-1.0,1,-1,-1,-1
74,c88,0.175527068989,0.101058179306,0.00642996534032,0.00511521542908,0.318990899545,0.077598668399,0.0615793754738,0.0736059854762,0.06199059096,0.0701012128884,0.236503081886,0.306564860346,0.00897000951141,0111110222,1,EYHAPAGYQVNPPYHPVHGYE---EQCSSIYIYYGTNAEKLAANILQWITFALSALCLMFYGYQTWKSTCGWEEIYVATIEMIKFIIEYFHEFDEPAVIYSSNGNKTVWLRYAEWLLTCPVILIHLSNLTGLANDYNKRTMGLLVSDIGTIVWGTTAALSKGYVRVIFFLMGLCYGIYTFFNAAKVYIESYYIMPAGGCKKLVLAMTAVYYSSWGSYPILWAVGPEGLLKLSPYANSIGHSICDIIAKEFWTFLAHHLRIKIHEHILIHGDIRKTTKMEIGGEEVEVEEFVEEE,-1.14259270468,-2.78742827824,-1,-1.0,-1.0,-1.0,-1.0,1,-1,-1,-1
75,c89,0.0566579100911,0.0188661492257,0.00437133624494,0.00399507505424,0.293626804385,0.10140557594,0.0827839888877,0.0559449332482,0.0780766902867,0.0681751562602,0.36883764836,0.302145045563,0.0102775544272,0211202100,1,EYHAPAGYQVNPPYHPVHGYE---EQCSSIYIYYGTPGEKIGAQVCQWITFALSALCLMFYGYQTWKSTCGWEEIYVATIEMIKFIIEYFHEFDEPAVIYSSNGNKTVWLRYAEWLLSCPVILIRLSNLSGLKNDYSKRTMGLIVSDLGTICMGVTAALATGWVKWLFYCIGLVYGTQTFYNAGIIYVEANHSVPKGHCRMVVKLMAYAYFASWGMFPILFILGPEGFGVLSVAGSTIGHTIADLLSKNIWGLLGHFLRIKIHEHIIMYGDIRRPVSSQFLGRKVDVLAFVTEE,-1.22544569082,-2.49152060721,-1,-1.0,-1.0,-1.0,1.0,1,-1,-1,-1
76,c90,0.790452103421,0.544232585314,0.120358350322,0.0850931693947,1.09836603856,0.538748826922,0.0503710263851,0.0128808619111,0.145124496038,0.0190729169282,0.0492875644842,0.00807645542233,0.00749606684012,2202020111,1,GFDELAKGAVVPEDHFVCGPA-DKCYCSAWLHSRGTPGEKIGAQVCQWIAVFLSALFLAFYGWHAYKASVGWEEVYVCSVELIKVILEIYFEFTSPATVYLSTGNHAYCLRYFEWLLTCPVILIHLSNITGLSEAYNKRTMALLVSCVGMIVFGMAAGLATDWLKWLLYIVSCIYGGYMYFQAAKCYVESYYIMPAGGCKKLVLAMTAVYYSSWGMFPILFILGPEGFGVLSVYGSTVGHTIIDLMSKNCWGLLGHYLRVLIHEHILIHGDIRKTTKLNIGGTEIEVETLVEDE,0.0938236559842,-2.98833914252,1,1.0,-1.0,-1.0,-1.0,1,-1,-1,-1
77,c92,0.0653499415934,0.0108403329123,0.0132110884875,0.00552518605356,0.15428116669,0.0122647601238,0.103653880052,0.0598367370444,0.201065820043,0.0998909044874,0.777162843435,0.530607468537,0.0268183981782,0221012201,1,EYHAPAGYQVNPPYHPVHGYE---EQCSSIYIYYGTPGEKIGAQVCQWIAFSIAIALLTFYGFSAWKATCGWEEVYVCCVEVLFVTLEIFKEFSEPAVIYSSNGNKTVWLRYAEWLLTCPVILIHLSNITGLSEAYNKRTMALLVSDIGTIVWGTTAALSKGYVRVIFFLMGLCYGIYTFFNAAKVYIEANHSVPKGHCRMVVKLMAYAYFASWGSYPILWAVGPEGLLKLSVAGSTIGHTIADLLSKNIWGLLGHFLRIKIHEHILIHGDIRKTTKLNIGGTEIEVETLVEDE,-1.86897858351,-2.26669800663,-1,-1.0,-1.0,-1.0,1.0,-1,-1,-1,1
78,c93,1.35486993321,0.356326232933,1.35028954625,0.257596982794,0.821509990377,0.0468559193727,0.39364524144,0.0330791717578,1.00782752983,0.0495717484194,0.482193075208,0.0244055630203,0.39836630369,2012221002,1,GFDELAKGAVVPEDHFVCGPA-DKCYCSAWLHSRGALWEQETARGFQWFTFALSALCLMFYGYQTWKSTCGWEEIYVATIEMIKFIIEYFHEFDSPATVYLSTGNHAYCLRYFEWLLSCPVILIRLSNLSGLKNDYSKRTMGLIVSCVGMIVFGMAAGLATDWLKWLLYIVSCIYGGYMYFQAAKCYVEAYHTVPKGRCRQVVTGMAWLFFVSWLMFPGLFIFGPEGMHTLSVAGSTIGHTIADLLSKNIWGLLGHFLRIKIHEHILIHGDIRKTTKMEIGGEEVEVEEFVEEE,-0.196611180438,-0.932305177727,1,1.0,1.0,1.0,1.0,1,-1,-1,1
79,c95,0.240931429234,0.124780236127,0.00643528061334,0.00439808152668,0.396966252806,0.140179679845,0.0365789003186,0.0232918580997,0.0528893196146,0.0566162115747,0.121772061795,0.0943953710029,0.0031748435126,2110201022,1,GFDELAKGAVVPEDHFVCGPA-DKCYCSAWLHSRGTNAEKLAANILQWITFALSALCLMFYGYQTWKSTCGWEEIYVATIEMIKFIIEYFHEFDSPAMLFLYGGNITPWLRYAEWLLSCPVILIRLSNLSGLKNDYSKRTMGLIVSDLGTICMGVTAALATGWVKWLFYCIGLVYGTQTFYNAGIIYVEAYHTVPKGRCRQVVTGMAWLFFVSWLMFPGLFIFGPEGMHTLSPYANSIGHSICDIIAKEFWTFLAHHLRIKIHEHILIHGDIRKTTKMEIGGEEVEVEEFVEEE,-0.923904007435,-3.30828369884,-1,-1.0,-1.0,-1.0,-1.0,1,-1,-1,-1
80,c96,0.725047665565,0.210995130037,0.632560581367,0.248636145017,1.07414389899,0.518154001076,0.473928834793,0.203771506426,0.920675373308,0.287930519317,0.441380248822,0.023561639896,0.482095289896,2102121200,1,GFDELAKGAVVPEDHFVCGPA-DKCYCSAWLHSRGTNAEKLAANILQWIAVFLSALFLAFYGWHAYKASVGWEEVYVCSVELIKVILEIYFEFTSPATVYLSTGNHAYCLRYFEWLLTCPVILIHLSNLTGLANDYNKRTMGLLVSCVGMIVFGMAAGLATDWLKWLLYIVSCIYGGYMYFQAAKCYVEAYHTVPKGRCRQVVTGMAWLFFVSWGSYPILWAVGPEGLLKLSVAGSTIGHTIADLLSKNIWGLLGHFLRIKIHEHIIMYGDIRRPVSSQFLGRKVDVLAFVTEE,0.0715239712736,-0.746698106126,1,1.0,1.0,1.0,1.0,1,1,1,1
81,c97,,,,,,,,,,,,,,0012200221,-1,EYHAPAGYQVNPPYHPVHGYE---EQCSSIYIYYGALWEQETARGFQWFTFALSALCLMFYGYQTWKSTCGWEEIYVATIEMIKFIIEYFHEFDSPATVYLSTGNHAYCLRYFEWLLSCPVILIRLSNLSGLKNDYSKRTMGLIVSDLGTICMGVTAALATGWVKWLFYCIGLVYGTQTFYNAGIIYVESYYIMPAGGCKKLVLAMTAVYYSSWGSYPILWAVGPEGLLKLSPYANSIGHSICDIIAKEFWTFLAHHLRIKIHEHILIHGDIRKTTKLNIGGTEIEVETLVEDE,,,-1,,,,,-1,-1,-1,-1
82,c103,0.273941635807,0.0930595531023,0.0181115251926,0.0111520094042,0.422769097718,0.15837080392,0.0744679205579,0.0566393801852,0.0546495034942,0.0129750568045,0.222684118111,0.244342049393,0.0045478375272,0120202011,1,EYHAPAGYQVNPPYHPVHGYE---EQCSSIYIYYGTNAEKLAANILQWIAFSIAIALLTFYGFSAWKATCGWEEVYVCCVEVLFVTLEIFKEFSSPAMLFLYGGNITPWLRYAEWLLSCPVILIRLSNLSGLKNDYSKRTMGLIVSDLGTICMGVTAALATGWVKWLFYCIGLVYGTQTFYNAGIIYVEANHSVPKGHCRMVVKLMAYAYFASWLMFPGLFIFGPEGMHTLSVYGSTVGHTIIDLMSKNCWGLLGHYLRVLIHEHILIHGDIRKTTKLNIGGTEIEVETLVEDE,-0.860929117255,-2.59738684287,-1,-1.0,-1.0,-1.0,-1.0,1,-1,-1,-1
83,n1,1.18271904098,0.65975423395,0.927230149487,0.520114933902,0.543666235658,0.109370762835,0.381267921417,0.098323841703,0.816843836497,0.070815986997,0.672137646978,0.149446415871,0.314092712577,0000001000,1,RMLFQTSYTLENNGSVICIPNNGQCFCLAWLKSNGALWEQETARGFQWFAVFLSALFLAFYGWHAYKASVGWEEVYVCSVELIKVILEIYFEFTEPAVIYSSGGNKTVWLRYAEWLLTCPVILIHLSNITGLSEAYNKRTMALLVSDLGTICMGVTAALATGWVKWLFYCIGLVYGTQTFYNAGIIYVESYYIMPAGGCKKLVLAMTAVYYSSWLMFPGLFIFGPEGMHTLSVAGSTIGHTIADLLSKNIWGLLGHFLRIKIHEHIIMYGDIRRPVSSQFLGRKVDVLAFVTEE,-0.609419757811,-0.96425294517,1,1.0,1.0,1.0,1.0,1,-1,-1,1
84,n2,0.905396679087,0.559589094985,0.801416078858,0.467363966257,0.966335660223,0.206239328931,1.15929097816,0.350571515948,0.918454176176,0.0628513024868,1.17997463254,0.288070655708,1.07872802281,2222221222,1,RMLFQTSYTLENNGSVICIPNNGQCFCLAWLKSNGTPGEKIGAQVCQWIAFSIAIALLTFYGFSAWKATCGWEEVYVCCVEVLFVTLEIFKEFSEPAVIYSSTGNKTVCLRYFEWLLSCPVILIRLSNLSGLKNDYSKRTMGLIVSCVGMIVFGMAAGLATDWLKWLLYIVSCIYGGYMYFQAAKCYVEANHSVPKGHCRMVVKLMAYAYFASWGSYPILWAVGPEGLLKLSPYANSIGHSICDIIAKEFWTFLAHHLRIKIHEHILIHGDIRKTTKMEIGGEEVEVEEFVEEE,-0.0342440307739,0.14780859252,1,1.0,1.0,1.0,1.0,1,1,1,1
85,n3,0.428968220282,0.117223804641,0.0844899070121,0.0267701546408,0.301217564139,0.00463571278655,0.242386356764,0.0507051450984,0.215627548613,0.0044592644972,0.741324001629,0.294723393439,0.052039068273,0111111111,1,RMLFQTSYTLENNGSVICIPNNGQCFCLAWLKSNGTNAEKLAANILQWITFALSALCLMFYGYQTWKSTCGWEEIYVATIEMIKFIIEYFHEFDEPAVIYSSNGNKTVWLRYAEWLLTCPVILIHLSNLTGLANDYNKRTMGLLVSDIGTIVWGTTAALSKGYVRVIFFLMGLCYGIYTFFNAAKVYIEAYHTVPKGRCRQVVTGMAWLFFVSWGMFPGLFIFGPEGMHTLSVYGSTVGHTIIDLMSKNCWGLLGHYLRVLIHEHILIHGDIRKTTKLNIGGTEIEVETLVEDE,-1.19992247088,-1.41722231035,-1,-1.0,1.0,-1.0,1.0,1,-1,-1,1
86,n4,0.286378520501,0.130645353034,0.191535530264,0.109868331713,0.477718946883,0.216519849741,0.299278112062,0.0424587455923,0.639241514504,0.15633961905,0.773576410964,0.346746506355,0.196726915887,1011111111,1,RMLFQTSYTLENNGSVICIPNNGQCFCLAWLKSNGALWEQETARGFQWFAFFLSALFLAFYGYQTWKSTCGWEEIYVATIEMIKFIIEYFHEFDEPAVIYSSNGNKTVWLRYAEWLLTCPVILIHLSNLTGLANDYNKRTMGLLVSDIGTIVWGTTAALSKGYVRVIFFLMGLCYGIYTFFNAAKVYIEAYHTVPKGRCRQVVTGMAWLFFVSWGMFPILFILGPEGFGVLSVAGSTIGHTIADLLSKNIWGLLGHYLRVLIHEHILIHGDIRKTTKLNIGGTEIEVETLVEDE,-0.738732696649,-1.20638199723,1,1.0,1.0,1.0,1.0,1,-1,-1,1
87,n5,0.426471865762,0.284787136843,0.381235693397,0.255530794761,1.14076491759,0.234728399234,0.365013809903,0.168530419049,0.845011886292,0.0631090799833,0.330688082276,0.0930280063925,0.31165852234,1101111111,1,RMLFQTSYTLENNGSVICIPNNGQCFCLAWLKSNGTNAEKLAANILQWITVALSALCLMFYGWHAYKASVGWEEVYVCSVELIKVILEIYFEFTEPAVIYSSNGNKTVWLRYAEWLLTCPVILIHLSNLTGLANDYNKRTMGLLVSDIGTIVWGTTAALSKGYVRVIFFLMGLCYGIYTFFNAAKVYIEAYHTVPKGRCRQVVTGMAWLFFVSWGMFPILFILGPEGFGVLSVYGSTVGHTIIDLMSKNCWGLLGHYLRVLIHEHILIHGDIRKTTKLNIGGTEIEVETLVEDE,0.131699017742,-1.00782009076,1,1.0,1.0,1.0,1.0,1,-1,-1,-1
88,n6,0.593795777283,0.369602717359,0.620445412987,0.416972830135,0.96047841551,0.336498367517,0.593818179313,0.148634319114,1.01610868012,0.0885055101708,0.763093017702,0.167806452512,0.603492353527,1110111111,1,RMLFQTSYTLENNGSVICIPNNGQCFCLAWLKSNGTNAEKLAANILQWITFALSALCLMFYGYQTWKSTCGWEEIYVATIEMIKFIIEYFHEFDEPAVIYSSNGNKTVWLRYAEWLLTCPVILIHLSNLTGLSEAYNKRTMGLLVSDIGTIVWGTTAALSKGYVRVIFFLMGLCYGIYTFFNAAKVYIEAYHTVPKGRCRQVVTGMAWLFFVSWGMFPILFILGPEGFGVLSVYGSTVGHTIIDLMSKNCWGLLGHYLRVLIHEHILIHGDIRKTTKLNIGGTEIEVETLVEDE,-0.0403237691655,-0.521182101909,1,1.0,1.0,1.0,1.0,1,1,1,1
89,n7,0.449022386634,0.413855264353,0.317037583593,0.272306371058,0.528568032464,0.0938311403615,0.221006891405,0.0788965136474,0.776259360298,0.18830222285,0.494127714919,0.240612550178,0.18097492215,1111011111,1,RMLFQTSYTLENNGSVICIPNNGQCFCLAWLKSNGTNAEKLAANILQWITFALSALCLMFYGYQTWKSTCGWEEIYVATIEMIKFIIEYFHEFDEPAVIYSSNGNKTVWLRYAEWLLTCPVILIHLSNITGLANDYNKRTMGLLVSDIGTIVWGTTAALSKGYVRVIFFLMGLCYGIYTFFNAAKVYIESYYIMPKGRCRQVVTGMAWLFFVSWGMFPILFILGPEGFGVLSVYGSTVGHTIIDLMSKNCWGLLGHYLRVLIHEHIIMYGDIRRPVSSQFLGRKVDVLAFVTEE,-0.637583754494,-1.50956139512,1,1.0,1.0,1.0,1.0,1,-1,-1,1
90,n8,0.360693653693,0.19337370245,0.0145384569328,0.0046047770755,0.744721395844,0.182659577878,0.0332016393462,0.00859813283026,0.0537924110944,0.0383044902037,0.0457888852849,0.00228078841594,0.00207810245536,1111101111,1,RMLFQTSYTLENNGSVICIPNNGQCFCLAWLKSNGTNAEKLAANILQWITFALSALCLMFYGYQTWKSTCGWEEIYVATIEMIKFIIEYFHEFDEPAVIYSSNGNKTVWLRYAEWLLTCPVILIHLSNLTGLANDYNKRTMGLLVSDIGTIVWGTTAALSKGYVRVIFFLMGLCYGIYTFFNAAKVYIEAYHTVPAGGCKKLVLAMTAVYYSSWLMFPILFILGPEGFGVLSVYGSTVGHTIIDLMSKNCWGLLGHFLRIKIHEHILIHGDIRKTTKLNIGGTEIEVETLVEDE,-0.294745095855,-3.40515602638,1,1.0,-1.0,-1.0,-1.0,1,-1,-1,-1
91,n9,0.439842813238,0.0993288799813,0.141789886694,0.0345044665034,0.859127731199,0.118805963468,0.105753164948,0.0487757860432,0.318582338992,0.0355257087808,0.113376755801,0.0484497042624,0.0339935731712,1111111011,1,RMLFQTSYTLENNGSVICIPNNGQCFCLAWLKSNGTNAEKLAANILQWITFALSALCLMFYGYQTWKSTCGWEEIYVATIEMIKFIIEYFHEFDEPAVIYSSNGNKTVWLRYAEWLLTCPVILIHLSNLTGLANDYNKRTMGLLVSDLGTICMGVTAALSKGYVRVIFFLMGLCYGIYTFFNAAKVYIEAYHTVPKGRCRQVVTGMAWLFFVSWGMFPILFILGPEGFGVLSVYGSTVGHTIIDLMSKNCWGLLGHYLRVLIHEHILIHGDIRKTTKLNIGGTEIEVETLVEDE,-0.151837670498,-2.24664753292,1,1.0,-1.0,-1.0,-1.0,1,-1,-1,-1
92,n10,0.538273999864,0.510765099135,0.529002107659,0.490254344344,1.07189753552,0.414460602317,0.395939659952,0.168390231615,0.953119750231,0.115679247173,0.518254016309,0.243399185219,0.362088080302,1111111101,1,RMLFQTSYTLENNGSVICIPNNGQCFCLAWLKSNGTNAEKLAANILQWITFALSALCLMFYGYQTWKSTCGWEEIYVATIEMIKFIIEYFHEFDEPAVIYSSGGNKTVWLRYAEWLLTCPVILIHLSNLTGLANDYNKRTMGLLVSDIGTIVWGTTAALATGWVKWLFYCIGLVYGIYTFFNAAKVYIEAYHTVPKGRCRQVVTGMAWLFFVSWGMFPILFILGPEGFGVLSVYGSTVGHTIIDLMSKNCWGLLGHYLRVLIHEHILIHGDIRKTTKLNIGGTEIEVETLVEDE,0.069430475543,-0.926493453196,1,1.0,1.0,1.0,1.0,1,-1,-1,1
93,n11,0.69435797696,0.665305614357,0.719128788902,0.674401356031,0.57235002109,0.14558456395,0.461110970254,0.0998744360493,1.03214897465,0.0533272880559,0.857524329167,0.201537233695,0.478849595481,1111111110,1,RMLFQTSYTLENNGSVICIPNNGQCFCLAWLKSNGTNAEKLAANILQWITFALSALCLMFYGYQTWKSTCGWEEIYVATIEMIKFIIEYFHEFDEPAVIYSSNGNKTVWLRYAEWLLTCPVILIHLSNLTGLANDYNKRTMALLVSDIGTIVWGTTAALSKGYVRVIFFLMGLCYGTQTFYNAGIIYVEAYHTVPKGRCRQVVTGMAWLFFVSWGMFPILFILGPEGFGVLSVYGSTVGHTIIDLMSKNCWGLLGHYLRVLIHEHILIHGDIRKTTKLNIGGTEIEVETLVEDE,-0.55800454977,-0.774116548567,1,1.0,1.0,1.0,1.0,1,1,1,1
94,n12,0.0409681867868,0.0136457770422,0.015666754275,0.0118930200173,0.29551784312,0.0977764010441,0.189477788482,0.0977384772443,0.274827338343,0.136113800312,0.973871243252,0.739235671044,0.065377231858,2111111111,1,RMLFQTSYTLENNGSVICIPNNGQCFCLAWLKSNGTNAEKLAANILQWITFALSALCLMFYGYQTWKSTCGWEEIYVATIEMIKFIIEYFHEFDEPAVIYSSNGNKTVWLRYAEWLLTCPVILIHLSNLTGLANDYNKRTMGLLVSDIGTIVWGTTAALSKGYVRVIFFLMGLCYGIYTFFNAAKVYIEAYHTVPKGRCRQVVTGMAWLFFVSWGMFPILWAVGPEGLLKLSVYGSTVGHTIIDLMSKNCWGLLGHYLRVLIHEHILIHGDIRKTTKLNIGGTEIEVETLVEDE,-1.21902606115,-1.66348347251,-1,-1.0,1.0,1.0,1.0,1,-1,-1,1
95,n13,0.609289845496,0.143182188447,0.579433646938,0.138717008319,0.721477592633,0.119778583651,0.670485829088,0.0740942653226,0.947723476065,0.0975466647118,0.984624332361,0.0704535808587,0.639425565021,1211111111,1,RMLFQTSYTLENNGSVICIPNNGQCFCLAWLKSNGTPGEKIGAQVCQWIAFSIAIALLTFYGYQTWKSTCGWEEIYVATIEMIKFIIEYFHEFDEPAVIYSSNGNKTVWLRYAEWLLTCPVILIRLSNLTGLANDYNKRTMGLLVSDIGTIVWGTTAALSKGYVRVIFFLMGLCYGIYTFFNAAKVYIEAYHTVPKGRCRQVVTGMAWLFFVSWGSYPILFILGPEGFGVLSPYANSIGHSICDIIAKEFWTFLAHYLRVLIHEHILIHGDIRKTTKLNIGGTEIEVETLVEDE,-0.326453957892,-0.399752711326,1,1.0,1.0,1.0,1.0,1,1,1,1
96,n14,0.49914639782,0.146687891584,0.330862903852,0.151597969105,0.892601043818,0.249469548777,0.1635445206,0.0868746130321,0.590803279149,0.156634439433,0.241349282894,0.155367337547,0.0946577227637,1121111111,1,RMLFQTSYTLENNGSVICIPNNGQCFCLAWLKSNGTNAEKLAANILQWITFALSALCLMFYGFSAWKATCGWEEVYVCCVEVLFVTLEIFKEFSEPAVIYSSNGNKTVWLRYAEWLLSCPVILIHLSNLTGLANDYNKRTMGLLVSDIGTIVWGTTAALSKGYVRVIFFLMGLCYGIYTFFNAAKVYIEAYHTVPKGRCRQVVTGMAWLFFVSWGMFPILFILGPEGFGVLSVYGSTVGHTIIDLMSKNCWGLLGHYLRVLIHEHILIHGDIRKTTKLNIGGTEIEVETLVEDE,-0.113615557375,-1.81067002846,1,1.0,1.0,1.0,-1.0,1,-1,-1,-1
97,n15,0.756345371912,0.181009519419,0.70513589458,0.126823097414,0.770467407292,0.18497131687,0.182159676958,0.00997740718641,0.964600357085,0.0403927842395,0.260204268458,0.0497625200532,0.176114304696,1112111111,1,RMLFQTSYTLENNGSVICIPNNGQCFCLAWLKSNGTNAEKLAANILQWITFALSALCLMFYGYQTWKSTCGWEEIYVATIEMIKFIIEYFHEFDEPAVIYSSNGNKTVWLRYAEWLLTCPVILIHLSNLTGLKNDYSKRTMGLLVSDIGTIVWGTTAALSKGYVRVIFFLMGLCYGIYTFFNAAKVYIEAYHTVPKGRCRQVVTGMAWLFFVSWGMFPILFILGPEGFGVLSVYGSTVGHTIIDLMSKNCWGLLGHYLRVLIHEHILIHGDIRKTTKLNIGGTEIEVETLVEDE,-0.260757925841,-1.70287163063,1,1.0,1.0,1.0,-1.0,1,-1,-1,-1
98,n16,0.160229272048,0.0,0.00895479804693,0.0,0.319490728459,0.0,0.0139387472556,0.0,0.0558874039214,0.0,0.0436280180111,0.0,0.000779000398034,1111211111,1,RMLFQTSYTLENNGSVICIPNNGQCFCLAWLKSNGTNAEKLAANILQWITFALSALCLMFYGYQTWKSTCGWEEIYVATIEMIKFIIEYFHEFDEPAVIYSSNGNKTVWLRYAEWLLTCPVILIHLSNLSGLANDYNKRTMGLLVSDIGTIVWGTTAALSKGYVRVIFFLMGLCYGIYTFFNAAKVYIEANHSVPKGRCRQVVTGMAWLFFVSWGMFPILFILGPEGFGVLSVYGSTVGHTIIDLMSKNCWGLLGHYLRVLIHEHILIHGDIRKTTKMEIGGEEVEVEEFVEEE,-1.14102702449,-4.27308274457,-1,-1.0,-1.0,-1.0,-1.0,1,-1,-1,-1
99,n17,0.695832173696,0.264470567233,0.0592878949083,0.0273558548439,0.545096901236,0.123289588688,0.0752705453124,0.0300507349036,0.0851995376024,0.0150429118468,0.155578620137,0.0913080269442,0.00686506621178,1111121111,1,RMLFQTSYTLENNGSVICIPNNGQCFCLAWLKSNGTNAEKLAANILQWITFALSALCLMFYGYQTWKSTCGWEEIYVATIEMIKFIIEYFHEFDEPAVIYSSNGNKTVWLRYAEWLLTCPVILIHLSNLTGLANDYNKRTMGLLVSDIGTIVWGTTAALSKGYVRVIFFLMGLCYGIYTFFNAAKVYIEAYHTVPKGHCRMVVKLMAYAYFASWGMFPILFILGPEGFGVLSVYGSTVGHTIIDLMSKNCWGLLGHHLRIKIHEHILIHGDIRKTTKLNIGGTEIEVETLVEDE,-0.60679169969,-2.58666638521,1,1.0,-1.0,-1.0,-1.0,1,-1,-1,-1
100,n18,0.454641147884,0.290574430152,0.317194447941,0.269237313399,0.460337052292,0.25163532161,0.203010625895,0.047412265266,0.634207042327,0.193045662308,0.764266695472,0.540331227759,0.122758462917,1111111211,1,RMLFQTSYTLENNGSVICIPNNGQCFCLAWLKSNGTNAEKLAANILQWITFALSALCLMFYGYQTWKSTCGWEEIYVATIEMIKFIIEYFHEFDEPAVIYSSNGNKTVCLRYFEWLLTCPVILIHLSNLTGLANDYNKRTMGLIVSCVGMIVFGMAAGLSKGYVRVIFFLMGLCYGIYTFFNAAKVYIEAYHTVPKGRCRQVVTGMAWLFFVSWGMFPILFILGPEGFGVLSVYGSTVGHTIIDLMSKNCWGLLGHYLRVLIHEHILIHGDIRKTTKLNIGGTEIEVETLVEDE,-0.775796335435,-1.594496957,-1,-1.0,1.0,1.0,1.0,1,-1,-1,1
101,n19,0.701137311912,0.33665675862,0.516915835385,0.172188893526,0.856986986122,0.0672054370599,0.21658301405,0.0981275759547,0.775620357822,0.147825826541,0.255203426289,0.122866406756,0.181440165536,1111111121,1,RMLFQTSYTLENNGSVICIPNNGQCFCLAWLKSNGTNAEKLAANILQWITFALSALCLMFYGYQTWKSTCGWEEIYVATIEMIKFIIEYFHEFDEPAVIYSSTGNKTVWLRYAEWLLTCPVILIHLSNLTGLANDYNKRTMGLLVSDIGTIVWGTTAALATDWLKWLLYIVSCIYGIYTFFNAAKVYIEAYHTVPKGRCRQVVTGMAWLFFVSWGMFPILFILGPEGFGVLSVYGSTVGHTIIDLMSKNCWGLLGHYLRVLIHEHILIHGDIRKTTKLNIGGTEIEVETLVEDE,-0.154332545888,-1.52978136831,1,1.0,1.0,1.0,-1.0,1,-1,-1,-1
102,n20,0.822308364339,0.253278596377,0.871347952256,0.269175395214,0.895843961291,0.230910582935,0.368285652886,0.0753835421146,1.04066594478,0.0283451993084,0.429154269899,0.0198311038299,0.382213565748,1111111112,1,RMLFQTSYTLENNGSVICIPNNGQCFCLAWLKSNGTNAEKLAANILQWITFALSALCLMFYGYQTWKSTCGWEEIYVATIEMIKFIIEYFHEFDEPAVIYSSNGNKTVWLRYAEWLLTCPVILIHLSNLTGLANDYNKRTMGLLVSDIGTIVWGTTAALSKGYVRVIFFLMGLCYGGYMYFQAAKCYVEAYHTVPKGRCRQVVTGMAWLFFVSWGMFPILFILGPEGFGVLSVYGSTVGHTIIDLMSKNCWGLLGHYLRVLIHEHILIHGDIRKTTKLNIGGTEIEVETLVEDE,-0.109989031518,-0.998896411256,1,1.0,1.0,1.0,1.0,1,-1,-1,1
103,n21,1.06123994664,0.535617791485,0.829990791054,0.405647659203,0.721001333502,0.20377730951,0.340900166335,0.111423560445,0.774667984694,0.06163500407,0.447043767995,0.0523430409909,0.270678044272,2212111212,1,RMLFQTSYTLENNGSVICIPNNGQCFCLAWLKSNGTPGEKIGAQVCQWIAFSIAIALLTFYGYQTWKSTCGWEEIYVATIEMIKFIIEYFHEFDEPAVIYSSNGNKTVCLRYFEWLLTCPVILIRLSNLTGLKNDYSKRTMGLIVSCVGMIVFGMAAGLSKGYVRVIFFLMGLCYGGYMYFQAAKCYVEAYHTVPKGRCRQVVTGMAWLFFVSWGSYPILWAVGPEGLLKLSPYANSIGHSICDIIAKEFWTFLAHYLRVLIHEHILIHGDIRKTTKLNIGGTEIEVETLVEDE,-0.327114292182,-1.07616561191,1,1.0,1.0,1.0,1.0,1,-1,-1,1
104,n22,0.460605809378,0.0,0.0398279887344,0.0,0.42801223643,0.0,0.0305729144604,0.0,0.0825432478385,0.0,0.0656251502021,0.0,0.00252358765545,1121221121,1,RMLFQTSYTLENNGSVICIPNNGQCFCLAWLKSNGTNAEKLAANILQWITFALSALCLMFYGFSAWKATCGWEEVYVCCVEVLFVTLEIFKEFSEPAVIYSSTGNKTVWLRYAEWLLSCPVILIHLSNLSGLANDYNKRTMGLLVSDIGTIVWGTTAALATDWLKWLLYIVSCIYGIYTFFNAAKVYIEANHSVPKGHCRMVVKLMAYAYFASWGMFPILFILGPEGFGVLSVYGSTVGHTIIDLMSKNCWGLLGHHLRIKIHEHILIHGDIRKTTKMEIGGEEVEVEEFVEEE,-0.848603494019,-3.48764081035,-1,-1.0,-1.0,-1.0,-1.0,1,-1,-1,-1
105,n23,0.337904283583,0.0824131463651,0.047698301679,0.0240526017928,0.136574557728,0.0206590727117,0.079880562374,0.0481132732287,0.158988177959,0.0824890817982,0.474878813434,0.196371429642,0.0165401348474,0220021220,1,RMLFQTSYTLENNGSVICIPNNGQCFCLAWLKSNGTPGEKIGAQVCQWIAFSIAIALLTFYGFSAWKATCGWEEVYVCCVEVLFVTLEIFKEFSEPAVIYSSTGNKTVCLRYFEWLLSCPVILIRLSNITGLSEAYNKRTMALIVSCVGMIVFGMAAGLATDWLKWLLYIVSCIYGTQTFYNAGIIYVESYYIMPKGHCRMVVKLMAYAYFASWGSYPGLFIFGPEGMHTLSPYANSIGHSICDIIAKEFWTFLAHHLRIKIHEHIIMYGDIRRPVSSQFLGRKVDVLAFVTEE,-1.99088460301,-2.52722273022,-1,-1.0,-1.0,-1.0,1.0,-1,-1,-1,1
106,n24,0.609121989231,0.450504473845,0.261459078207,0.176608938997,0.835905245569,0.193274245809,0.13850132239,0.0562691349702,0.51256915537,0.10927899045,0.22119426513,0.139794644567,0.076481755944,2112001222,1,RMLFQTSYTLENNGSVICIPNNGQCFCLAWLKSNGTNAEKLAANILQWITFALSALCLMFYGYQTWKSTCGWEEIYVATIEMIKFIIEYFHEFDEPAVIYSSTGNKTVCLRYFEWLLTCPVILIHLSNITGLKNDYSKRTMGLIVSCVGMIVFGMAAGLATDWLKWLLYIVSCIYGGYMYFQAAKCYVESYYIMPAGGCKKLVLAMTAVYYSSWLMFPILWAVGPEGLLKLSVYGSTVGHTIIDLMSKNCWGLLGHFLRIKIHEHIIMYGDIRRPVSSQFLGRKVDVLAFVTEE,-0.179240014942,-1.97687540546,1,1.0,1.0,1.0,-1.0,1,-1,-1,-1
107,n28,0.619506278451,0.253643138483,0.0546983409549,0.0409585679193,0.61555764834,0.259640588062,0.0370289287457,0.0193468161394,0.0713195367963,0.0377877860438,0.0598261774355,0.00895855250442,0.0032721758128,1100101210,1,RMLFQTSYTLENNGSVICIPNNGQCFCLAWLKSNGTNAEKLAANILQWITVALSALCLMFYGWHAYKASVGWEEVYVCSVELIKVILEIYFEFTEPAVIYSSNGNKTVCLRYFEWLLTCPVILIHLSNLTGLSEAYNKRTMALIVSCVGMIVFGMAAGLSKGYVRVIFFLMGLCYGTQTFYNAGIIYVEAYHTVPAGGCKKLVLAMTAVYYSSWLMFPILFILGPEGFGVLSVYGSTVGHTIIDLMSKNCWGLLGHFLRIKIHEHILIHGDIRKTTKLNIGGTEIEVETLVEDE,-0.485226676752,-3.29605581384,1,1.0,-1.0,-1.0,-1.0,1,-1,-1,-1
108,n29,0.477108701717,0.352757018484,0.0194889429024,0.0170975729052,0.341763509008,0.0896973338584,0.0346499408522,0.021241972541,0.0351765644851,0.0219712466635,0.109003591403,0.0746988790183,0.00157250675602,2012221110,1,RMLFQTSYTLENNGSVICIPNNGQCFCLAWLKSNGALWEQETARGFQWFAFFLSALFLAFYGYQTWKSTCGWEEIYVATIEMIKFIIEYFHEFDEPAVIYSSNGNKTVWLRYAEWLLTCPVILIHLSNLSGLKNDYSKRTMALLVSDIGTIVWGTTAALSKGYVRVIFFLMGLCYGTQTFYNAGIIYVEANHSVPKGHCRMVVKLMAYAYFASWGMFPILWAVGPEGLLKLSVAGSTIGHTIADLLSKNIWGLLGHHLRIKIHEHILIHGDIRKTTKMEIGGEEVEVEEFVEEE,-1.07363627524,-3.36245926035,-1,-1.0,-1.0,-1.0,-1.0,1,-1,-1,-1
109,n32,0.539054584955,0.351175812007,0.0304337355284,0.0161291727656,0.729537100833,0.330954977662,0.0663449399714,0.0460210435678,0.0670643831468,0.0496594884751,0.0930050284509,0.0594794321872,0.00415108937647,0000211222,1,RMLFQTSYTLENNGSVICIPNNGQCFCLAWLKSNGALWEQETARGFQWFAVFLSALFLAFYGWHAYKASVGWEEVYVCSVELIKVILEIYFEFTEPAVIYSSTGNKTVCLRYFEWLLTCPVILIHLSNLSGLSEAYNKRTMGLIVSCVGMIVFGMAAGLATDWLKWLLYIVSCIYGGYMYFQAAKCYVEANHSVPKGRCRQVVTGMAWLFFVSWGMFPGLFIFGPEGMHTLSVAGSTIGHTIADLLSKNIWGLLGHYLRVLIHEHILIHGDIRKTTKMEIGGEEVEVEEFVEEE,-0.315345054419,-2.71288778379,1,1.0,-1.0,-1.0,-1.0,1,-1,-1,-1
110,n34,0.647051412136,0.194308544478,0.0514022240137,0.017646703114,0.62118861113,0.012089913604,0.0956431493494,0.022336160533,0.0863340482142,0.0076503095521,0.126393997427,0.0282503666123,0.008086381725,2002111120,1,RMLFQTSYTLENNGSVICIPNNGQCFCLAWLKSNGALWEQETARGFQWFAVFLSALFLAFYGWHAYKASVGWEEVYVCSVELIKVILEIYFEFTEPAVIYSSTGNKTVWLRYAEWLLTCPVILIHLSNLTGLKNDYSKRTMALLVSDIGTIVWGTTAALATDWLKWLLYIVSCIYGTQTFYNAGIIYVEAYHTVPKGRCRQVVTGMAWLFFVSWGMFPILWAVGPEGLLKLSVAGSTIGHTIADLLSKNIWGLLGHYLRVLIHEHILIHGDIRKTTKLNIGGTEIEVETLVEDE,-0.476120521536,-2.34713120773,1,1.0,-1.0,-1.0,-1.0,1,-1,-1,-1
111,n35,0.241245327987,0.0554728154868,0.00769106347676,0.00269226947518,0.222110713024,0.0680212154901,0.0193613041435,0.00692327544431,0.037677041775,0.0201111425576,0.0773917460511,0.0167219580306,0.000729836319552,2220201020,1,RMLFQTSYTLENNGSVICIPNNGQCFCLAWLKSNGTPGEKIGAQVCQWIAFSIAIALLTFYGFSAWKATCGWEEVYVCCVEVLFVTLEIFKEFSEPAVIYSSTGNKTVWLRYAEWLLSCPVILIRLSNLSGLSEAYNKRTMALLVSDLGTICMGVTAALATDWLKWLLYIVSCIYGTQTFYNAGIIYVEANHSVPAGGCKKLVLAMTAVYYSSWLSYPILWAVGPEGLLKLSPYANSIGHSICDIIAKEFWTFLAHFLRIKIHEHILIHGDIRKTTKMEIGGEEVEVEEFVEEE,-1.50457931411,-3.94447883662,-1,-1.0,-1.0,-1.0,-1.0,1,-1,-1,-1
112,n36,0.492166778386,0.0228761097345,0.303612782612,0.00843984610897,0.250961371398,0.0323970369667,0.190355551524,0.025554526318,0.614612469545,0.019354131706,0.777578169761,0.173407537927,0.117489481282,1000000000,1,EYHAPAGYQVNPPYHPVHGYE---EQCSSIYIYYGALWEQETARGFQWFAVFLSALFLAFYGWHAYKASVGWEEVYVCSVELIKVILEIYFEFTSPAMLFLYGGNITPWLRYAEWLLTCPVILIHLSNITGLSEAYNKRTMALLVSDLGTICMGVTAALATGWVKWLFYCIGLVYGTQTFYNAGIIYVESYYIMPAGGCKKLVLAMTAVYYSSWLMFPILFILGPEGFGVLSVAGSTIGHTIADLLSKNIWGLLGHFLRIKIHEHIIMYGDIRRPVSSQFLGRKVDVLAFVTEE,-1.38245625051,-1.65886163176,-1,-1.0,1.0,1.0,1.0,1,-1,-1,1
113,n37,0.171531032673,0.0629004395722,0.00371901770909,0.00173708869369,0.166937870389,0.0216795541491,0.0358722127706,0.0258569686759,0.0228369757921,0.0179950174308,0.183485888883,0.133617357538,0.00128450945668,0100000000,1,EYHAPAGYQVNPPYHPVHGYE---EQCSSIYIYYGTNAEKLAANILQWITVALSALCLMFYGWHAYKASVGWEEVYVCSVELIKVILEIYFEFTSPAMLFLYGGNITPWLRYAEWLLTCPVILIHLSNITGLSEAYNKRTMALLVSDLGTICMGVTAALATGWVKWLFYCIGLVYGTQTFYNAGIIYVESYYIMPAGGCKKLVLAMTAVYYSSWLMFPGLFIFGPEGMHTLSVYGSTVGHTIIDLMSKNCWGLLGHFLRIKIHEHIIMYGDIRRPVSSQFLGRKVDVLAFVTEE,-1.79013356939,-3.32779230073,-1,-1.0,-1.0,-1.0,-1.0,-1,-1,-1,-1
114,n38,0.274740105258,0.220977288091,0.155479179345,0.107703780453,0.1306774539,0.0630640082347,0.176314471799,0.101941536569,0.662870123582,0.246522633787,1.4114820543,0.685389967282,0.133576409351,0010000000,1,EYHAPAGYQVNPPYHPVHGYE---EQCSSIYIYYGALWEQETARGFQWFAFFLSALFLAFYGYQTWKSTCGWEEIYVATIEMIKFIIEYFHEFDSPAMLFLYGGNITPWLRYAEWLLTCPVILIHLSNITGLSEAYNKRTMALLVSDLGTICMGVTAALATGWVKWLFYCIGLVYGTQTFYNAGIIYVESYYIMPAGGCKKLVLAMTAVYYSSWLMFPGLFIFGPEGMHTLSVAGSTIGHTIADLLSKNIWGLLGHFLRIKIHEHIIMYGDIRRPVSSQFLGRKVDVLAFVTEE,-2.03502317591,-1.73548610674,-1,-1.0,1.0,1.0,1.0,-1,-1,-1,1
115,n40,0.497327814839,0.295196429762,0.4068915387,0.23632424096,0.22079670048,0.0371257216235,0.453958126475,0.29581847964,0.874615480275,0.128875998448,1.80863836286,0.968858476183,0.42601795136,0000100000,1,EYHAPAGYQVNPPYHPVHGYE---EQCSSIYIYYGALWEQETARGFQWFAVFLSALFLAFYGWHAYKASVGWEEVYVCSVELIKVILEIYFEFTSPAMLFLYGGNITPWLRYAEWLLTCPVILIHLSNLTGLSEAYNKRTMALLVSDLGTICMGVTAALATGWVKWLFYCIGLVYGTQTFYNAGIIYVEAYHTVPAGGCKKLVLAMTAVYYSSWLMFPGLFIFGPEGMHTLSVAGSTIGHTIADLLSKNIWGLLGHFLRIKIHEHILIHGDIRKTTKLNIGGTEIEVETLVEDE,-1.51051290817,-0.789750317628,-1,-1.0,1.0,1.0,1.0,1,1,-1,1
116,n41,0.869067779122,0.254428566275,0.6354017427,0.231520865343,0.125261936281,0.0212817242894,0.260497355261,0.128048772634,0.75151758576,0.144501077081,1.88034724872,0.621738754818,0.211396768053,0000010000,1,EYHAPAGYQVNPPYHPVHGYE---EQCSSIYIYYGALWEQETARGFQWFAVFLSALFLAFYGWHAYKASVGWEEVYVCSVELIKVILEIYFEFTSPAMLFLYGGNITPWLRYAEWLLTCPVILIHLSNITGLSEAYNKRTMALLVSDLGTICMGVTAALATGWVKWLFYCIGLVYGTQTFYNAGIIYVESYYIMPKGRCRQVVTGMAWLFFVSWGMFPGLFIFGPEGMHTLSVAGSTIGHTIADLLSKNIWGLLGHYLRVLIHEHIIMYGDIRRPVSSQFLGRKVDVLAFVTEE,-2.07734824391,-1.34516257039,-1,-1.0,1.0,1.0,1.0,-1,-1,-1,1
117,n42,0.394064259681,0.128888608672,0.295042740071,0.110987615103,0.147064548124,0.034139578866,0.387743266127,0.279951109243,0.781262905384,0.218720022146,2.24050263814,1.02003753617,0.35601944833,0000000100,1,EYHAPAGYQVNPPYHPVHGYE---EQCSSIYIYYGALWEQETARGFQWFAVFLSALFLAFYGWHAYKASVGWEEVYVCSVELIKVILEIYFEFTSPAMLFLYGGNITPWLRYAEWLLTCPVILIHLSNITGLSEAYNKRTMALLVSDIGTIVWGTTAALATGWVKWLFYCIGLVYGTQTFYNAGIIYVESYYIMPAGGCKKLVLAMTAVYYSSWLMFPGLFIFGPEGMHTLSVAGSTIGHTIADLLSKNIWGLLGHFLRIKIHEHIIMYGDIRRPVSSQFLGRKVDVLAFVTEE,-1.9168836857,-0.947411843609,-1,-1.0,1.0,1.0,1.0,-1,-1,-1,1
118,n43,0.940261178947,0.19357517904,0.666773877747,0.192386635878,0.139186963267,0.039193297896,0.294755286816,0.132197467538,0.716976348985,0.141923137607,1.80093177275,0.321460360187,0.228547837454,0000000010,1,EYHAPAGYQVNPPYHPVHGYE---EQCSSIYIYYGALWEQETARGFQWFAVFLSALFLAFYGWHAYKASVGWEEVYVCSVELIKVILEIYFEFTSPAMLFLYNGNITPWLRYAEWLLTCPVILIHLSNITGLSEAYNKRTMALLVSDLGTICMGVTAALSKGYVRVIFFLMGLCYGTQTFYNAGIIYVESYYIMPAGGCKKLVLAMTAVYYSSWLMFPGLFIFGPEGMHTLSVAGSTIGHTIADLLSKNIWGLLGHFLRIKIHEHIIMYGDIRRPVSSQFLGRKVDVLAFVTEE,-1.97193719016,-1.22160980311,-1,-1.0,1.0,1.0,1.0,-1,-1,-1,1
119,n44,0.195500644824,0.123050772201,0.1523049171,0.11126400636,0.217530263981,0.0987131573038,0.247013416086,0.0894432663388,0.657726342302,0.284523910963,1.51529127744,0.857630648616,0.187826914813,0000000001,1,EYHAPAGYQVNPPYHPVHGYE---EQCSSIYIYYGALWEQETARGFQWFAVFLSALFLAFYGWHAYKASVGWEEVYVCSVELIKVILEIYFEFTSPAMLFLYGGNITPWLRYAEWLLTCPVILIHLSNITGLSEAYNKRTMGLLVSDLGTICMGVTAALATGWVKWLFYCIGLVYGIYTFFNAAKVYIESYYIMPAGGCKKLVLAMTAVYYSSWLMFPGLFIFGPEGMHTLSVAGSTIGHTIADLLSKNIWGLLGHFLRIKIHEHIIMYGDIRRPVSSQFLGRKVDVLAFVTEE,-1.52541729339,-1.39831262769,-1,-1.0,1.0,1.0,1.0,1,-1,-1,1
120,n45,1.55554860151,0.941814351851,1.33240537817,0.966591409162,0.225655375049,0.0431454429868,0.538257918813,0.360630696552,0.810937657667,0.210110274183,1.9452947147,1.10467998028,0.507260197049,2000000000,1,EYHAPAGYQVNPPYHPVHGYE---EQCSSIYIYYGALWEQETARGFQWFAVFLSALFLAFYGWHAYKASVGWEEVYVCSVELIKVILEIYFEFTSPAMLFLYGGNITPWLRYAEWLLTCPVILIHLSNITGLSEAYNKRTMALLVSDLGTICMGVTAALATGWVKWLFYCIGLVYGTQTFYNAGIIYVESYYIMPAGGCKKLVLAMTAVYYSSWLMFPILWAVGPEGLLKLSVAGSTIGHTIADLLSKNIWGLLGHFLRIKIHEHIIMYGDIRRPVSSQFLGRKVDVLAFVTEE,-1.4887463327,-0.619417430699,-1,-1.0,1.0,1.0,1.0,1,1,1,1
121,n46,0.140704778575,0.000282741649641,0.00673800323584,0.00384125797152,0.189246862552,0.00822465885986,0.0428111162356,0.0192129622051,0.0596831157229,0.0386416543153,0.347898993121,0.176745005898,0.00329752144842,0200000000,1,EYHAPAGYQVNPPYHPVHGYE---EQCSSIYIYYGTPGEKIGAQVCQWIAVSIAIALLTFYGWHAYKASVGWEEVYVCSVELIKVILEIYFEFTSPAMLFLYGGNITPWLRYAEWLLTCPVILIRLSNITGLSEAYNKRTMALLVSDLGTICMGVTAALATGWVKWLFYCIGLVYGTQTFYNAGIIYVESYYIMPAGGCKKLVLAMTAVYYSSWLSYPGLFIFGPEGMHTLSPYANSIGHSICDIIAKEFWTFLAHFLRIKIHEHIIMYGDIRRPVSSQFLGRKVDVLAFVTEE,-1.66470296513,-3.15095748499,-1,-1.0,-1.0,-1.0,1.0,-1,-1,-1,-1
122,n47,0.106355374289,0.000729172952609,0.00317963791456,0.00296091326156,0.182834496542,0.0152665069362,0.0112286378862,0.00200818268652,0.0286964427893,0.0255853069541,0.0582865317426,0.00031391920859,0.000373601935157,0020000000,1,EYHAPAGYQVNPPYHPVHGYE---EQCSSIYIYYGALWEQETARGFQWFAFFLSALFLAFYGFSAWKATCGWEEVYVCCVEVLFVTLEIFKEFSSPAMLFLYGGNITPWLRYAEWLLSCPVILIHLSNITGLSEAYNKRTMALLVSDLGTICMGVTAALATGWVKWLFYCIGLVYGTQTFYNAGIIYVESYYIMPAGGCKKLVLAMTAVYYSSWLMFPGLFIFGPEGMHTLSVAGSTIGHTIADLLSKNIWGLLGHFLRIKIHEHIIMYGDIRRPVSSQFLGRKVDVLAFVTEE,-1.69917392583,-4.48928781,-1,-1.0,-1.0,-1.0,-1.0,-1,-1,-1,-1
123,n48,0.718826833303,0.154730608856,0.252519317624,0.179563977377,0.128401015121,0.0219755554518,0.117111664007,0.080288630864,0.410917486344,0.326543224783,1.00762570501,0.769486496575,0.0743409390311,0002000000,1,EYHAPAGYQVNPPYHPVHGYE---EQCSSIYIYYGALWEQETARGFQWFAVFLSALFLAFYGWHAYKASVGWEEVYVCSVELIKVILEIYFEFTSPAMLFLYGGNITPWLRYAEWLLTCPVILIHLSNITGLKNDYSKRTMALLVSDLGTICMGVTAALATGWVKWLFYCIGLVYGTQTFYNAGIIYVESYYIMPAGGCKKLVLAMTAVYYSSWLMFPGLFIFGPEGMHTLSVAGSTIGHTIADLLSKNIWGLLGHFLRIKIHEHIIMYGDIRRPVSSQFLGRKVDVLAFVTEE,-2.05259698183,-2.14462740611,-1,-1.0,-1.0,1.0,1.0,-1,-1,-1,1
124,n49,0.333565744431,0.147622680128,0.0210742010736,0.0123130563132,0.213243272787,0.0896446339471,0.0336497464096,0.0381885770376,0.0781032209007,0.0680055012933,0.138439761426,0.132787697025,0.0060366702712,0000200000,1,EYHAPAGYQVNPPYHPVHGYE---EQCSSIYIYYGALWEQETARGFQWFAVFLSALFLAFYGWHAYKASVGWEEVYVCSVELIKVILEIYFEFTSPAMLFLYGGNITPWLRYAEWLLTCPVILIHLSNLSGLSEAYNKRTMALLVSDLGTICMGVTAALATGWVKWLFYCIGLVYGTQTFYNAGIIYVEANHSVPAGGCKKLVLAMTAVYYSSWLMFPGLFIFGPEGMHTLSVAGSTIGHTIADLLSKNIWGLLGHFLRIKIHEHILIHGDIRKTTKMEIGGEEVEVEEFVEEE,-1.54532163924,-3.39174975904,-1,-1.0,-1.0,-1.0,-1.0,-1,-1,-1,-1
125,n50,0.104860457417,0.0177514421981,0.00177413602319,0.0,0.159048713304,0.0277476616464,0.00643918085764,0.00227448002603,0.00758350175467,0.0,0.0414023759828,0.0178291424775,3.15830160642e-05,0000020000,1,EYHAPAGYQVNPPYHPVHGYE---EQCSSIYIYYGALWEQETARGFQWFAVFLSALFLAFYGWHAYKASVGWEEVYVCSVELIKVILEIYFEFTSPAMLFLYGGNITPWLRYAEWLLTCPVILIHLSNITGLSEAYNKRTMALLVSDLGTICMGVTAALATGWVKWLFYCIGLVYGTQTFYNAGIIYVESYYIMPKGHCRMVVKLMAYAYFASWGMFPGLFIFGPEGMHTLSVAGSTIGHTIADLLSKNIWGLLGHHLRIKIHEHIIMYGDIRRPVSSQFLGRKVDVLAFVTEE,-1.8385447507,-5.04535394297,-1,-1.0,-1.0,-1.0,-1.0,-1,-1,-1,-1
126,n51,0.601359867707,0.41079752544,0.554438744732,0.382370530237,0.482622921141,0.2280352849,0.660506895844,0.262842192293,0.872672990889,0.0737803794632,1.329039438,0.0989674372167,0.594847693356,0000002000,1,GFDELAKGAVVPEDHFVCGPA-DKCYCSAWLHSRGALWEQETARGFQWFAVFLSALFLAFYGWHAYKASVGWEEVYVCSVELIKVILEIYFEFTSPATVYLSGGNHAYWLRYAEWLLTCPVILIHLSNITGLSEAYNKRTMALLVSDLGTICMGVTAALATGWVKWLFYCIGLVYGTQTFYNAGIIYVESYYIMPAGGCKKLVLAMTAVYYSSWLMFPGLFIFGPEGMHTLSVAGSTIGHTIADLLSKNIWGLLGHFLRIKIHEHIIMYGDIRRPVSSQFLGRKVDVLAFVTEE,-0.728519631807,-0.414747714735,1,1.0,1.0,1.0,1.0,1,1,1,1
127,n52,0.472681658447,0.064878304939,0.229991203726,0.0860525586663,0.197338563213,0.0234971590242,0.197895207884,0.138043565005,0.580495631825,0.282949552715,1.56972466169,1.72920567886,0.151097414573,0000000200,1,EYHAPAGYQVNPPYHPVHGYE---EQCSSIYIYYGALWEQETARGFQWFAVFLSALFLAFYGWHAYKASVGWEEVYVCSVELIKVILEIYFEFTSPAMLFLYGGNITPCLRYFEWLLTCPVILIHLSNITGLSEAYNKRTMALIVSCVGMIVFGMAAGLATGWVKWLFYCIGLVYGTQTFYNAGIIYVESYYIMPAGGCKKLVLAMTAVYYSSWLMFPGLFIFGPEGMHTLSVAGSTIGHTIADLLSKNIWGLLGHFLRIKIHEHIIMYGDIRRPVSSQFLGRKVDVLAFVTEE,-1.62283443035,-1.6200176415,-1,-1.0,1.0,1.0,1.0,-1,-1,-1,1
128,n53,0.233032469082,0.0366648608226,0.0235666395556,0.0233354600447,0.576781369577,0.489273479611,0.0346048709294,0.0280032852775,0.0902410878202,0.0890734675111,0.323759743518,0.24913419569,0.00561713091791,0000000020,1,EYHAPAGYQVNPPYHPVHGYE---EQCSSIYIYYGALWEQETARGFQWFAVFLSALFLAFYGWHAYKASVGWEEVYVCSVELIKVILEIYFEFTSPAMLFLYTGNITPWLRYAEWLLTCPVILIHLSNITGLSEAYNKRTMALLVSDLGTICMGVTAALATDWLKWLLYIVSCIYGTQTFYNAGIIYVESYYIMPAGGCKKLVLAMTAVYYSSWLMFPGLFIFGPEGMHTLSVAGSTIGHTIADLLSKNIWGLLGHFLRIKIHEHIIMYGDIRRPVSSQFLGRKVDVLAFVTEE,-0.550291993157,-3.36376082852,1,1.0,-1.0,-1.0,-1.0,1,-1,-1,-1
129,n56,0.555063449938,0.140243445712,0.0249778657236,0.0191948250013,0.466937380722,0.0708223081288,0.0584056064776,0.0441423143054,0.122884237958,0.107563060146,0.0869852882476,0.060309062205,0.0119252108531,2022222222,1,GFDELAKGAVVPEDHFVCGPA-DKCYCSAWLHSRGALWEQETARGFQWFAFFLSALFLAFYGFSAWKATCGWEEVYVCCVEVLFVTLEIFKEFSSPATVYLSTGNHAYCLRYFEWLLSCPVILIHLSNLSGLKNDYSKRTMGLIVSCVGMIVFGMAAGLATDWLKWLLYIVSCIYGGYMYFQAAKCYVEANHSVPKGHCRMVVKLMAYAYFASWGMFPILWAVGPEGLLKLSVAGSTIGHTIADLLSKNIWGLLGHHLRIKIHEHILIHGDIRKTTKMEIGGEEVEVEEFVEEE,-0.761560118694,-2.84034339243,-1,-1.0,-1.0,-1.0,-1.0,1,-1,-1,-1
130,n57,1.1333565233,0.458581645465,1.14302336103,0.60756514041,1.38654332908,0.390096722506,1.33821961748,0.487367390479,1.00983413142,0.221666259674,0.905933045866,0.295248477365,1.45225164535,2202222222,1,GFDELAKGAVVPEDHFVCGPA-DKCYCSAWLHSRGTPGEKIGAQVCQWIAVSIAIALLTFYGWHAYKASVGWEEVYVCSVELIKVILEIYFEFTSPATVYLSTGNHAYCLRYFEWLLTCPVILIRLSNLSGLKNDYSKRTMGLIVSCVGMIVFGMAAGLATDWLKWLLYIVSCIYGGYMYFQAAKCYVEANHSVPKGHCRMVVKLMAYAYFASWGSYPILWAVGPEGLLKLSPYANSIGHSICDIIAKEFWTFLAHHLRIKIHEHILIHGDIRKTTKMEIGGEEVEVEEFVEEE,0.326813836274,0.291340086862,1,1.0,1.0,1.0,1.0,1,1,1,1
131,n59,1.03781295502,0.227435957272,1.17322736047,0.659807212098,0.675688328709,0.244796529571,0.91447448423,0.1857291084,1.12008948929,0.414500631281,1.53590608335,0.727206484276,1.00378908215,2222022222,1,GFDELAKGAVVPEDHFVCGPA-DKCYCSAWLHSRGTPGEKIGAQVCQWIAFSIAIALLTFYGFSAWKATCGWEEVYVCCVEVLFVTLEIFKEFSSPATVYLSTGNHAYCLRYFEWLLSCPVILIRLSNITGLKNDYSKRTMGLIVSCVGMIVFGMAAGLATDWLKWLLYIVSCIYGGYMYFQAAKCYVESYYIMPKGHCRMVVKLMAYAYFASWGSYPILWAVGPEGLLKLSPYANSIGHSICDIIAKEFWTFLAHHLRIKIHEHIIMYGDIRRPVSSQFLGRKVDVLAFVTEE,-0.392023361462,-0.0894057128745,1,1.0,1.0,1.0,1.0,1,1,1,1
132,n60,0.81948463577,0.292026009977,0.71551495921,0.312580996,0.667321531169,0.2019363934,0.471973076621,0.197661482221,0.874381010537,0.120386758994,0.679261478877,0.125598028689,0.434153317135,2222202222,1,GFDELAKGAVVPEDHFVCGPA-DKCYCSAWLHSRGTPGEKIGAQVCQWIAFSIAIALLTFYGFSAWKATCGWEEVYVCCVEVLFVTLEIFKEFSSPATVYLSTGNHAYCLRYFEWLLSCPVILIRLSNLSGLKNDYSKRTMGLIVSCVGMIVFGMAAGLATDWLKWLLYIVSCIYGGYMYFQAAKCYVEANHSVPAGGCKKLVLAMTAVYYSSWLSYPILWAVGPEGLLKLSPYANSIGHSICDIIAKEFWTFLAHFLRIKIHEHILIHGDIRKTTKMEIGGEEVEVEEFVEEE,-0.404483293492,-0.750833336081,1,1.0,1.0,1.0,1.0,1,1,-1,1
133,n61,0.285496221956,0.111516122014,0.0178802142413,0.00898759508063,0.255096492261,0.0556764906802,0.0785470797893,0.0771488320956,0.0638479490859,0.0291147010943,0.306341067847,0.306037202863,0.00701638287258,2222220222,1,EYHAPAGYQVNPPYHPVHGYE---EQCSSIYIYYGTPGEKIGAQVCQWIAFSIAIALLTFYGFSAWKATCGWEEVYVCCVEVLFVTLEIFKEFSSPAMLFLYTGNITPCLRYFEWLLSCPVILIRLSNLSGLKNDYSKRTMGLIVSCVGMIVFGMAAGLATDWLKWLLYIVSCIYGGYMYFQAAKCYVEANHSVPKGHCRMVVKLMAYAYFASWGSYPILWAVGPEGLLKLSPYANSIGHSICDIIAKEFWTFLAHHLRIKIHEHILIHGDIRKTTKMEIGGEEVEVEEFVEEE,-1.36611340438,-2.54405709143,-1,-1.0,-1.0,-1.0,-1.0,1,-1,-1,-1
134,n62,0.307586056011,0.110393802769,0.0998556187594,0.0917080219654,0.212204257252,0.0907893246549,0.170614676963,0.145868512235,0.44978857206,0.429726860375,1.26716573693,1.17518251433,0.138437003984,2222222022,1,GFDELAKGAVVPEDHFVCGPA-DKCYCSAWLHSRGTPGEKIGAQVCQWIAFSIAIALLTFYGFSAWKATCGWEEVYVCCVEVLFVTLEIFKEFSSPATVYLSTGNHAYWLRYAEWLLSCPVILIRLSNLSGLKNDYSKRTMGLLVSDLGTICMGVTAALATDWLKWLLYIVSCIYGGYMYFQAAKCYVEANHSVPKGHCRMVVKLMAYAYFASWGSYPILWAVGPEGLLKLSPYANSIGHSICDIIAKEFWTFLAHHLRIKIHEHILIHGDIRKTTKMEIGGEEVEVEEFVEEE,-1.55020599055,-1.76834761619,-1,-1.0,1.0,1.0,1.0,-1,-1,-1,1
135,n63,0.106313350555,0.0468236043038,0.0858443212168,0.0439882482441,0.159170627428,0.0342582689183,0.3017962278,0.000878723404906,0.735810430815,0.104118325753,1.91164115802,0.425221961759,0.221973321186,2222222202,1,GFDELAKGAVVPEDHFVCGPA-DKCYCSAWLHSRGTPGEKIGAQVCQWIAFSIAIALLTFYGFSAWKATCGWEEVYVCCVEVLFVTLEIFKEFSSPATVYLSGGNHAYCLRYFEWLLSCPVILIRLSNLSGLKNDYSKRTMGLIVSCVGMIVFGMAAGLATGWVKWLFYCIGLVYGGYMYFQAAKCYVEANHSVPKGHCRMVVKLMAYAYFASWGSYPILWAVGPEGLLKLSPYANSIGHSICDIIAKEFWTFLAHHLRIKIHEHILIHGDIRKTTKMEIGGEEVEVEEFVEEE,-1.83777852367,-1.19800323173,-1,-1.0,1.0,1.0,1.0,-1,-1,-1,1
136,n64,1.5812278298,1.13100579818,1.41971797381,0.995667847382,0.59441260335,0.232713223054,0.301079066004,0.116002744611,0.837017063105,0.152593749785,0.532257162288,0.115609266086,0.269489873169,2222222220,1,GFDELAKGAVVPEDHFVCGPA-DKCYCSAWLHSRGTPGEKIGAQVCQWIAFSIAIALLTFYGFSAWKATCGWEEVYVCCVEVLFVTLEIFKEFSSPATVYLSTGNHAYCLRYFEWLLSCPVILIRLSNLSGLKNDYSKRTMALIVSCVGMIVFGMAAGLATDWLKWLLYIVSCIYGTQTFYNAGIIYVEANHSVPKGHCRMVVKLMAYAYFASWGSYPILWAVGPEGLLKLSPYANSIGHSICDIIAKEFWTFLAHHLRIKIHEHILIHGDIRKTTKMEIGGEEVEVEEFVEEE,-0.520181582321,-1.20038237097,1,1.0,1.0,1.0,1.0,1,-1,-1,1
137,n65,1.25558352485,0.652402431816,1.3338208184,0.853655634502,1.51394109455,1.14228444792,0.752207273023,0.138587716357,1.00266571447,0.131846665653,0.712879988919,0.315873085908,0.770111083031,1222222222,1,GFDELAKGAVVPEDHFVCGPA-DKCYCSAWLHSRGTPGEKIGAQVCQWIAFSIAIALLTFYGFSAWKATCGWEEVYVCCVEVLFVTLEIFKEFSSPATVYLSTGNHAYCLRYFEWLLSCPVILIRLSNLSGLKNDYSKRTMGLIVSCVGMIVFGMAAGLATDWLKWLLYIVSCIYGGYMYFQAAKCYVEANHSVPKGHCRMVVKLMAYAYFASWGSYPILFILGPEGFGVLSPYANSIGHSICDIIAKEFWTFLAHHLRIKIHEHILIHGDIRKTTKMEIGGEEVEVEEFVEEE,0.414716247092,-0.284743363991,1,1.0,1.0,1.0,1.0,1,1,1,1
138,n66,0.972176844461,0.162553853728,0.0255165337367,0.0113641482157,0.547512974891,0.0260731706797,0.0192101164467,0.0024022527324,0.0274679117108,0.00851959857157,0.0370911355836,0.00464796733016,0.000548128011459,2122222222,1,GFDELAKGAVVPEDHFVCGPA-DKCYCSAWLHSRGTNAEKLAANILQWITFALSALCLMFYGFSAWKATCGWEEVYVCCVEVLFVTLEIFKEFSSPATVYLSTGNHAYCLRYFEWLLSCPVILIHLSNLSGLKNDYSKRTMGLIVSCVGMIVFGMAAGLATDWLKWLLYIVSCIYGGYMYFQAAKCYVEANHSVPKGHCRMVVKLMAYAYFASWGMFPILWAVGPEGLLKLSVYGSTVGHTIIDLMSKNCWGLLGHHLRIKIHEHILIHGDIRKTTKMEIGGEEVEVEEFVEEE,-0.602369119141,-3.95231824044,1,1.0,-1.0,-1.0,-1.0,1,-1,-1,-1
139,n67,0.694612003978,0.16814683771,0.305095094404,0.333261164425,0.30264185909,0.046726060684,0.295737466443,0.278397449997,0.394768629355,0.378594089779,1.06746257432,0.968342229737,0.219770301481,2212222222,1,GFDELAKGAVVPEDHFVCGPA-DKCYCSAWLHSRGTPGEKIGAQVCQWIAFSIAIALLTFYGYQTWKSTCGWEEIYVATIEMIKFIIEYFHEFDSPATVYLSTGNHAYCLRYFEWLLTCPVILIRLSNLSGLKNDYSKRTMGLIVSCVGMIVFGMAAGLATDWLKWLLYIVSCIYGGYMYFQAAKCYVEANHSVPKGHCRMVVKLMAYAYFASWGSYPILWAVGPEGLLKLSPYANSIGHSICDIIAKEFWTFLAHHLRIKIHEHILIHGDIRKTTKMEIGGEEVEVEEFVEEE,-1.19520515577,-1.21828315591,-1,-1.0,1.0,1.0,1.0,1,-1,-1,1
140,n68,1.27065887111,0.740155310769,1.36741385632,0.902631550501,1.08798123656,0.603537657946,1.05379666616,0.363964267118,1.00529352947,0.14897112502,1.10652603952,0.296481571162,1.1134658631,2221222222,1,GFDELAKGAVVPEDHFVCGPA-DKCYCSAWLHSRGTPGEKIGAQVCQWIAFSIAIALLTFYGFSAWKATCGWEEVYVCCVEVLFVTLEIFKEFSSPATVYLSTGNHAYCLRYFEWLLSCPVILIRLSNLSGLANDYNKRTMGLIVSCVGMIVFGMAAGLATDWLKWLLYIVSCIYGGYMYFQAAKCYVEANHSVPKGHCRMVVKLMAYAYFASWGSYPILWAVGPEGLLKLSPYANSIGHSICDIIAKEFWTFLAHHLRIKIHEHILIHGDIRKTTKMEIGGEEVEVEEFVEEE,0.0843239024762,0.0523995151517,1,1.0,1.0,1.0,1.0,1,1,1,1
141,n69,0.631633646221,0.358662698289,0.720399855417,0.428063046897,1.34065013073,0.417150936247,1.00467191876,0.328749859026,1.10321560262,0.15871391787,0.889356853557,0.0987013253351,1.15330173619,2222122222,1,GFDELAKGAVVPEDHFVCGPA-DKCYCSAWLHSRGTPGEKIGAQVCQWIAFSIAIALLTFYGFSAWKATCGWEEVYVCCVEVLFVTLEIFKEFSSPATVYLSTGNHAYCLRYFEWLLSCPVILIRLSNLTGLKNDYSKRTMGLIVSCVGMIVFGMAAGLATDWLKWLLYIVSCIYGGYMYFQAAKCYVEAYHTVPKGHCRMVVKLMAYAYFASWGSYPILWAVGPEGLLKLSPYANSIGHSICDIIAKEFWTFLAHHLRIKIHEHILIHGDIRKTTKLNIGGTEIEVETLVEDE,0.293154668491,0.00466103921994,1,1.0,1.0,1.0,1.0,1,1,1,1
142,n70,2.12820414902,1.75231043904,2.74095703056,2.36494369659,1.40459828924,0.860729016056,1.04253273736,0.425924017484,1.2186289337,0.184572410162,0.838604044893,0.21022741139,1.31174534716,2222212222,1,GFDELAKGAVVPEDHFVCGPA-DKCYCSAWLHSRGTPGEKIGAQVCQWIAFSIAIALLTFYGFSAWKATCGWEEVYVCCVEVLFVTLEIFKEFSSPATVYLSTGNHAYCLRYFEWLLSCPVILIRLSNLSGLKNDYSKRTMGLIVSCVGMIVFGMAAGLATDWLKWLLYIVSCIYGGYMYFQAAKCYVEANHSVPKGRCRQVVTGMAWLFFVSWGSYPILWAVGPEGLLKLSPYANSIGHSICDIIAKEFWTFLAHYLRVLIHEHILIHGDIRKTTKMEIGGEEVEVEEFVEEE,0.339751346773,0.0416530769412,1,1.0,1.0,1.0,1.0,1,1,1,1
143,n71,0.688161485234,0.120547564909,0.013180717763,0.00104359898891,0.492083490439,0.0476761144448,0.0220750650008,0.00364751722848,0.0267526858615,0.00773641374475,0.0529555571094,0.017071334174,0.000562348576919,2222222122,1,GFDELAKGAVVPEDHFVCGPA-DKCYCSAWLHSRGTPGEKIGAQVCQWIAFSIAIALLTFYGFSAWKATCGWEEVYVCCVEVLFVTLEIFKEFSSPATVYLSTGNHAYWLRYAEWLLSCPVILIRLSNLSGLKNDYSKRTMGLLVSDIGTIVWGTTAALATDWLKWLLYIVSCIYGGYMYFQAAKCYVEANHSVPKGHCRMVVKLMAYAYFASWGSYPILWAVGPEGLLKLSPYANSIGHSICDIIAKEFWTFLAHHLRIKIHEHILIHGDIRKTTKMEIGGEEVEVEEFVEEE,-0.709106880872,-3.81330658795,1,1.0,-1.0,-1.0,-1.0,1,-1,-1,-1
144,n72,1.90649722207,1.63327095979,2.30827349193,2.27872111162,1.61874976996,1.01856939243,0.896070601108,0.369460930016,1.07238036063,0.215096100285,0.614095881443,0.120982493862,1.03325767163,2222222212,1,GFDELAKGAVVPEDHFVCGPA-DKCYCSAWLHSRGTPGEKIGAQVCQWIAFSIAIALLTFYGFSAWKATCGWEEVYVCCVEVLFVTLEIFKEFSSPATVYLSNGNHAYCLRYFEWLLSCPVILIRLSNLSGLKNDYSKRTMGLIVSCVGMIVFGMAAGLSKGYVRVIFFLMGLCYGGYMYFQAAKCYVEANHSVPKGHCRMVVKLMAYAYFASWGSYPILWAVGPEGLLKLSPYANSIGHSICDIIAKEFWTFLAHHLRIKIHEHILIHGDIRKTTKMEIGGEEVEVEEFVEEE,0.481654104356,-0.109736073232,1,1.0,1.0,1.0,1.0,1,1,1,1
145,n73,0.365708316489,0.39606647594,0.354962018941,0.389291040401,0.50199003674,0.257702346711,0.864304621201,0.653146424304,0.910976030512,0.0860966993193,1.43466982043,0.545127055303,0.826024068944,2222222221,1,GFDELAKGAVVPEDHFVCGPA-DKCYCSAWLHSRGTPGEKIGAQVCQWIAFSIAIALLTFYGFSAWKATCGWEEVYVCCVEVLFVTLEIFKEFSSPATVYLSTGNHAYCLRYFEWLLSCPVILIRLSNLSGLKNDYSKRTMGLIVSCVGMIVFGMAAGLATDWLKWLLYIVSCIYGIYTFFNAAKVYIEANHSVPKGHCRMVVKLMAYAYFASWGSYPILWAVGPEGLLKLSPYANSIGHSICDIIAKEFWTFLAHHLRIKIHEHILIHGDIRKTTKMEIGGEEVEVEEFVEEE,-0.689175006619,-0.145830001482,1,1.0,1.0,1.0,1.0,1,1,1,1
146,n75,0.585648976508,0.355020829762,0.35862058944,0.334507638853,0.208667886328,0.0566046655348,0.284958946097,0.231002159112,0.422373900227,0.333036432298,1.18132264636,0.877925591587,0.197162385011,0212100211,1,EYHAPAGYQVNPPYHPVHGYE---EQCSSIYIYYGTPGEKIGAQVCQWIAFSIAIALLTFYGYQTWKSTCGWEEIYVATIEMIKFIIEYFHEFDSPAMLFLYNGNITPCLRYFEWLLTCPVILIRLSNLTGLKNDYSKRTMGLIVSCVGMIVFGMAAGLSKGYVRVIFFLMGLCYGIYTFFNAAKVYIEAYHTVPAGGCKKLVLAMTAVYYSSWLSYPGLFIFGPEGMHTLSPYANSIGHSICDIIAKEFWTFLAHFLRIKIHEHILIHGDIRKTTKLNIGGTEIEVETLVEDE,-1.56701135154,-1.25541015787,-1,-1.0,1.0,1.0,1.0,-1,-1,-1,1
147,n76,0.577798987309,0.39952237476,0.0660985042912,0.0377731428612,0.375466786217,0.13100968901,0.103089169739,0.0612987951756,0.121476226126,0.0322749101418,0.313236952552,0.165373555819,0.0144243373233,1102012111,1,GFDELAKGAVVPEDHFVCGPA-DKCYCSAWLHSRGTNAEKLAANILQWITVALSALCLMFYGWHAYKASVGWEEVYVCSVELIKVILEIYFEFTSPATVYLSNGNHAYWLRYAEWLLTCPVILIHLSNITGLKNDYSKRTMGLLVSDIGTIVWGTTAALSKGYVRVIFFLMGLCYGIYTFFNAAKVYIESYYIMPKGRCRQVVTGMAWLFFVSWGMFPILFILGPEGFGVLSVYGSTVGHTIIDLMSKNCWGLLGHYLRVLIHEHIIMYGDIRRPVSSQFLGRKVDVLAFVTEE,-0.979585263842,-2.27216093966,-1,-1.0,-1.0,-1.0,-1.0,1,-1,-1,-1
148,n77,0.71692758008,0.62018401188,0.1055896548,0.093771169975,0.281182246435,0.109894711426,0.126102991071,0.102751836238,0.148408314648,0.0539523074112,0.398329396148,0.229963698378,0.0212497094214,2212120011,1,EYHAPAGYQVNPPYHPVHGYE---EQCSSIYIYYGTPGEKIGAQVCQWIAFSIAIALLTFYGYQTWKSTCGWEEIYVATIEMIKFIIEYFHEFDSPAMLFLYNGNITPWLRYAEWLLTCPVILIRLSNLTGLKNDYSKRTMGLLVSDLGTICMGVTAALSKGYVRVIFFLMGLCYGIYTFFNAAKVYIEAYHTVPKGHCRMVVKLMAYAYFASWGSYPILWAVGPEGLLKLSPYANSIGHSICDIIAKEFWTFLAHHLRIKIHEHILIHGDIRKTTKLNIGGTEIEVETLVEDE,-1.26875225605,-2.07065631646,-1,-1.0,-1.0,-1.0,1.0,1,-1,-1,1
149,n78,0.169737366783,0.0474896131163,0.00856541816399,0.00146532932109,0.14272674347,0.0112236972781,0.0361095767263,0.00530336572691,0.0529617647027,0.00744726402159,0.256119021474,0.0615147257855,0.00195192247086,2212100110,1,EYHAPAGYQVNPPYHPVHGYE---EQCSSIYIYYGTPGEKIGAQVCQWIAFSIAIALLTFYGYQTWKSTCGWEEIYVATIEMIKFIIEYFHEFDSPAMLFLYNGNITPWLRYAEWLLTCPVILIRLSNLTGLKNDYSKRTMALLVSDIGTIVWGTTAALSKGYVRVIFFLMGLCYGTQTFYNAGIIYVEAYHTVPAGGCKKLVLAMTAVYYSSWLSYPILWAVGPEGLLKLSPYANSIGHSICDIIAKEFWTFLAHFLRIKIHEHILIHGDIRKTTKLNIGGTEIEVETLVEDE,-1.94682336162,-3.32119716555,-1,-1.0,-1.0,-1.0,-1.0,-1,-1,-1,-1
150,n79,0.838256239241,0.158606001186,0.281205019167,0.237468018976,0.603949284065,0.1378093485,0.0562367873407,0.00876273706051,0.302374663424,0.236553085674,0.13145191494,0.0647840849166,0.0190774321348,1222100121,1,EYHAPAGYQVNPPYHPVHGYE---EQCSSIYIYYGTPGEKIGAQVCQWIAFSIAIALLTFYGFSAWKATCGWEEVYVCCVEVLFVTLEIFKEFSSPAMLFLYTGNITPWLRYAEWLLSCPVILIRLSNLTGLKNDYSKRTMGLLVSDIGTIVWGTTAALATDWLKWLLYIVSCIYGIYTFFNAAKVYIEAYHTVPAGGCKKLVLAMTAVYYSSWLSYPILFILGPEGFGVLSPYANSIGHSICDIIAKEFWTFLAHFLRIKIHEHILIHGDIRKTTKLNIGGTEIEVETLVEDE,-0.504265051353,-2.87818415721,1,1.0,-1.0,-1.0,-1.0,1,-1,-1,-1
151,n80,1.51920333957,0.968577077278,0.225503757512,0.192300180051,0.530473331981,0.272765923593,0.0683897460422,0.0430270272928,0.107676857593,0.04604367203,0.119755889011,0.0254501939451,0.00928788975438,1200120112,1,EYHAPAGYQVNPPYHPVHGYE---EQCSSIYIYYGTPGEKIGAQVCQWIAVSIAIALLTFYGWHAYKASVGWEEVYVCSVELIKVILEIYFEFTSPAMLFLYNGNITPWLRYAEWLLTCPVILIRLSNLTGLSEAYNKRTMGLLVSDIGTIVWGTTAALSKGYVRVIFFLMGLCYGGYMYFQAAKCYVEAYHTVPKGHCRMVVKLMAYAYFASWGSYPILFILGPEGFGVLSPYANSIGHSICDIIAKEFWTFLAHHLRIKIHEHILIHGDIRKTTKLNIGGTEIEVETLVEDE,-0.633985591784,-2.68253237726,1,1.0,-1.0,-1.0,-1.0,1,-1,-1,-1
152,n82,1.38476413615,0.919405099857,1.27497397048,0.921396340823,0.780524258148,0.429766560851,0.262737963856,0.0867696356285,0.888535220528,0.148326713208,0.396917384191,0.1232338499,0.244009653777,2112012211,1,GFDELAKGAVVPEDHFVCGPA-DKCYCSAWLHSRGTNAEKLAANILQWITFALSALCLMFYGYQTWKSTCGWEEIYVATIEMIKFIIEYFHEFDSPATVYLSNGNHAYCLRYFEWLLTCPVILIHLSNITGLKNDYSKRTMGLIVSCVGMIVFGMAAGLSKGYVRVIFFLMGLCYGIYTFFNAAKVYIESYYIMPKGRCRQVVTGMAWLFFVSWGMFPILWAVGPEGLLKLSVYGSTVGHTIIDLMSKNCWGLLGHYLRVLIHEHIIMYGDIRRPVSSQFLGRKVDVLAFVTEE,-0.247789459243,-1.33659807862,1,1.0,1.0,1.0,1.0,1,-1,-1,1
153,n84,1.10391134772,0.775380049413,0.195600712523,0.165499756697,0.90641290941,0.487914113714,0.0529025552285,0.0259366052079,0.159806722678,0.0656816344587,0.0619182342312,0.0143141826195,0.010077093219,1022202210,1,GFDELAKGAVVPEDHFVCGPA-DKCYCSAWLHSRGALWEQETARGFQWFAFFLSALFLAFYGFSAWKATCGWEEVYVCCVEVLFVTLEIFKEFSSPATVYLSNGNHAYCLRYFEWLLSCPVILIHLSNLSGLKNDYSKRTMALIVSCVGMIVFGMAAGLSKGYVRVIFFLMGLCYGTQTFYNAGIIYVEANHSVPAGGCKKLVLAMTAVYYSSWLMFPILFILGPEGFGVLSVAGSTIGHTIADLLSKNIWGLLGHFLRIKIHEHILIHGDIRKTTKMEIGGEEVEVEEFVEEE,-0.0982603268609,-2.93930363829,1,1.0,-1.0,-1.0,-1.0,1,-1,-1,-1
154,n86,0.533064604134,0.0736836797849,0.0172999898506,0.00945775039152,0.586190222917,0.16479102645,0.0650102072752,0.0488980868301,0.0474500316723,0.0277075060389,0.0703332473807,0.0295756557523,0.00443958043037,0200210111,1,EYHAPAGYQVNPPYHPVHGYE---EQCSSIYIYYGTPGEKIGAQVCQWIAVSIAIALLTFYGWHAYKASVGWEEVYVCSVELIKVILEIYFEFTSPAMLFLYNGNITPWLRYAEWLLTCPVILIRLSNLSGLSEAYNKRTMGLLVSDIGTIVWGTTAALSKGYVRVIFFLMGLCYGIYTFFNAAKVYIEANHSVPKGRCRQVVTGMAWLFFVSWGSYPGLFIFGPEGMHTLSPYANSIGHSICDIIAKEFWTFLAHYLRVLIHEHILIHGDIRKTTKMEIGGEEVEVEEFVEEE,-0.534110929594,-2.73321098641,1,1.0,-1.0,-1.0,-1.0,1,-1,-1,-1
155,n87,0.478343997783,0.252140021069,0.258573639002,0.134904348306,0.261263597897,0.0684382958545,0.0982207608055,0.00332961633536,0.54338148689,0.00515059729915,0.392079278982,0.140313328792,0.0533541935371,0212102012,1,GFDELAKGAVVPEDHFVCGPA-DKCYCSAWLHSRGTPGEKIGAQVCQWIAFSIAIALLTFYGYQTWKSTCGWEEIYVATIEMIKFIIEYFHEFDSPATVYLSNGNHAYWLRYAEWLLTCPVILIRLSNLTGLKNDYSKRTMGLLVSDLGTICMGVTAALSKGYVRVIFFLMGLCYGGYMYFQAAKCYVEAYHTVPAGGCKKLVLAMTAVYYSSWLSYPGLFIFGPEGMHTLSPYANSIGHSICDIIAKEFWTFLAHFLRIKIHEHILIHGDIRKTTKLNIGGTEIEVETLVEDE,-1.34222542769,-2.32053767247,-1,-1.0,-1.0,1.0,1.0,1,-1,-1,1
156,n88,0.424058648088,0.307919682408,0.0279767981983,0.0254470533348,0.42440422733,0.166870640014,0.0407310802382,0.049107485193,0.063143688565,0.0589838024782,0.0734116520499,0.0581993329448,0.00537994569358,2011212120,1,GFDELAKGAVVPEDHFVCGPA-DKCYCSAWLHSRGALWEQETARGFQWFAFFLSALFLAFYGYQTWKSTCGWEEIYVATIEMIKFIIEYFHEFDSPATVYLSTGNHAYWLRYAEWLLTCPVILIHLSNLSGLANDYNKRTMALLVSDIGTIVWGTTAALATDWLKWLLYIVSCIYGTQTFYNAGIIYVEANHSVPKGRCRQVVTGMAWLFFVSWGMFPILWAVGPEGLLKLSVAGSTIGHTIADLLSKNIWGLLGHYLRVLIHEHILIHGDIRKTTKMEIGGEEVEVEEFVEEE,-0.857068911571,-3.20076383574,-1,-1.0,-1.0,-1.0,-1.0,1,-1,-1,-1
157,n89,0.872681615319,0.609171624856,0.0327976224588,0.0319174007977,0.549590603381,0.205998473928,0.0245016323641,0.0207127596794,0.0316778169132,0.0311180906983,0.0580923558404,0.0558717267105,0.00141763618599,0200212100,1,GFDELAKGAVVPEDHFVCGPA-DKCYCSAWLHSRGTPGEKIGAQVCQWIAVSIAIALLTFYGWHAYKASVGWEEVYVCSVELIKVILEIYFEFTSPATVYLSGGNHAYWLRYAEWLLTCPVILIRLSNLSGLSEAYNKRTMALLVSDIGTIVWGTTAALATGWVKWLFYCIGLVYGTQTFYNAGIIYVEANHSVPKGRCRQVVTGMAWLFFVSWGSYPGLFIFGPEGMHTLSPYANSIGHSICDIIAKEFWTFLAHYLRVLIHEHILIHGDIRKTTKMEIGGEEVEVEEFVEEE,-0.598581635416,-3.70901553654,1,1.0,-1.0,-1.0,-1.0,1,-1,-1,-1
158,n93,0.692818867575,0.357136108425,0.0249316016189,0.028950528934,0.221411161617,0.0866192221536,0.0224733591947,0.0120333614786,0.0299921740041,0.0230688523149,0.10707071699,0.0415036579755,0.000924417226667,2202010210,1,EYHAPAGYQVNPPYHPVHGYE---EQCSSIYIYYGTPGEKIGAQVCQWIAVSIAIALLTFYGWHAYKASVGWEEVYVCSVELIKVILEIYFEFTSPAMLFLYNGNITPCLRYFEWLLTCPVILIRLSNITGLKNDYSKRTMALIVSCVGMIVFGMAAGLSKGYVRVIFFLMGLCYGTQTFYNAGIIYVESYYIMPKGRCRQVVTGMAWLFFVSWGSYPILWAVGPEGLLKLSPYANSIGHSICDIIAKEFWTFLAHYLRVLIHEHIIMYGDIRRPVSSQFLGRKVDVLAFVTEE,-1.50773384617,-3.79542470709,-1,-1.0,-1.0,-1.0,-1.0,1,-1,-1,-1
159,n94,1.85833075074,1.2356655203,2.59290624245,1.95506212001,1.14567538306,0.556049211028,0.824223251275,0.228848180121,1.27537436229,0.25614831508,0.772735719963,0.167415699337,1.10186714493,1012002221,1,GFDELAKGAVVPEDHFVCGPA-DKCYCSAWLHSRGALWEQETARGFQWFAFFLSALFLAFYGYQTWKSTCGWEEIYVATIEMIKFIIEYFHEFDSPATVYLSTGNHAYCLRYFEWLLTCPVILIHLSNITGLKNDYSKRTMGLIVSCVGMIVFGMAAGLATDWLKWLLYIVSCIYGIYTFFNAAKVYIESYYIMPAGGCKKLVLAMTAVYYSSWLMFPILFILGPEGFGVLSVAGSTIGHTIADLLSKNIWGLLGHFLRIKIHEHIIMYGDIRRPVSSQFLGRKVDVLAFVTEE,0.135994317311,-0.193313849756,1,1.0,1.0,1.0,1.0,1,1,1,1
160,n95,0.399972109376,0.247006697644,0.0112973151656,0.0104899504045,0.446120243166,0.184633677165,0.0194502257027,0.00546103383333,0.03036504539,0.0209253983734,0.0473510530373,0.00829462817177,0.000669105496045,0101222010,1,GFDELAKGAVVPEDHFVCGPA-DKCYCSAWLHSRGTNAEKLAANILQWITVALSALCLMFYGWHAYKASVGWEEVYVCSVELIKVILEIYFEFTSPATVYLSNGNHAYWLRYAEWLLTCPVILIHLSNLSGLANDYNKRTMALLVSDLGTICMGVTAALSKGYVRVIFFLMGLCYGTQTFYNAGIIYVEANHSVPKGHCRMVVKLMAYAYFASWGMFPGLFIFGPEGMHTLSVYGSTVGHTIIDLMSKNCWGLLGHHLRIKIHEHILIHGDIRKTTKMEIGGEEVEVEEFVEEE,-0.807166759787,-3.93989660473,-1,-1.0,-1.0,-1.0,-1.0,1,-1,-1,-1
161,n96,0.358654375473,0.106076376794,0.0210919652788,0.0192378582156,0.2340987124,0.0467198875121,0.0135207181847,0.00279990904376,0.0360032009144,0.0281123106383,0.062106329594,0.0274662267415,0.000565501046107,2120202002,1,GFDELAKGAVVPEDHFVCGPA-DKCYCSAWLHSRGTNAEKLAANILQWITFALSALCLMFYGFSAWKATCGWEEVYVCCVEVLFVTLEIFKEFSSPATVYLSGGNHAYWLRYAEWLLSCPVILIHLSNLSGLSEAYNKRTMGLLVSDLGTICMGVTAALATGWVKWLFYCIGLVYGGYMYFQAAKCYVEANHSVPAGGCKKLVLAMTAVYYSSWLMFPILWAVGPEGLLKLSVYGSTVGHTIIDLMSKNCWGLLGHFLRIKIHEHILIHGDIRKTTKMEIGGEEVEVEEFVEEE,-1.45201240471,-4.30353208961,-1,-1.0,-1.0,-1.0,-1.0,1,-1,-1,-1
162,n97,0.347558828585,0.25607528097,0.178350867611,0.294628459348,0.322417001797,0.280801512911,0.0477080058667,0.0328058172215,0.207619572717,0.26360503378,0.302557666308,0.28932940358,0.0182106197998,2211000211,1,EYHAPAGYQVNPPYHPVHGYE---EQCSSIYIYYGTPGEKIGAQVCQWIAFSIAIALLTFYGYQTWKSTCGWEEIYVATIEMIKFIIEYFHEFDSPAMLFLYNGNITPCLRYFEWLLTCPVILIRLSNITGLANDYNKRTMGLIVSCVGMIVFGMAAGLSKGYVRVIFFLMGLCYGIYTFFNAAKVYIESYYIMPAGGCKKLVLAMTAVYYSSWLSYPILWAVGPEGLLKLSPYANSIGHSICDIIAKEFWTFLAHFLRIKIHEHIIMYGDIRRPVSSQFLGRKVDVLAFVTEE,-1.13190953464,-3.04265605729,-1,-1.0,-1.0,-1.0,-1.0,1,-1,-1,-1
163,n98,0.0827674045303,0.00624191644757,0.008653052668,0.00582334481291,0.274313680128,0.147634604484,0.145825948454,0.13019176661,0.0996513554173,0.0629476131116,0.380105055626,0.259902749959,0.0227270143733,0211200122,1,EYHAPAGYQVNPPYHPVHGYE---EQCSSIYIYYGTPGEKIGAQVCQWIAFSIAIALLTFYGYQTWKSTCGWEEIYVATIEMIKFIIEYFHEFDSPAMLFLYTGNITPWLRYAEWLLTCPVILIRLSNLSGLANDYNKRTMGLLVSDIGTIVWGTTAALATDWLKWLLYIVSCIYGGYMYFQAAKCYVEANHSVPAGGCKKLVLAMTAVYYSSWLSYPGLFIFGPEGMHTLSPYANSIGHSICDIIAKEFWTFLAHFLRIKIHEHILIHGDIRKTTKMEIGGEEVEVEEFVEEE,-1.29348300941,-1.92534150231,-1,-1.0,1.0,-1.0,1.0,1,-1,-1,1
164,n99,0.119933263246,0.0454133852992,0.00749202006318,0.00391284377581,0.169077562406,0.0119460859945,0.0395462506437,0.0123219092912,0.054804193386,0.0144472370148,0.253847274278,0.0692959752298,0.00234531791197,2012200101,1,EYHAPAGYQVNPPYHPVHGYE---EQCSSIYIYYGALWEQETARGFQWFAFFLSALFLAFYGYQTWKSTCGWEEIYVATIEMIKFIIEYFHEFDSPAMLFLYGGNITPWLRYAEWLLTCPVILIHLSNLSGLKNDYSKRTMGLLVSDIGTIVWGTTAALATGWVKWLFYCIGLVYGIYTFFNAAKVYIEANHSVPAGGCKKLVLAMTAVYYSSWLMFPILWAVGPEGLLKLSVAGSTIGHTIADLLSKNIWGLLGHFLRIKIHEHILIHGDIRKTTKMEIGGEEVEVEEFVEEE,-1.7773977202,-3.23028438967,-1,-1.0,-1.0,-1.0,-1.0,-1,-1,-1,-1
165,n100,0.556085400633,0.0615992715514,0.00734850743957,0.00258618392546,0.516497225124,0.243700018483,0.0250603558086,0.0187328725895,0.0186760682278,0.00885384768892,0.0470563902269,0.0239596291592,0.000614213115524,1201202120,1,GFDELAKGAVVPEDHFVCGPA-DKCYCSAWLHSRGTPGEKIGAQVCQWIAVSIAIALLTFYGWHAYKASVGWEEVYVCSVELIKVILEIYFEFTSPATVYLSTGNHAYWLRYAEWLLTCPVILIRLSNLSGLANDYNKRTMALLVSDIGTIVWGTTAALATDWLKWLLYIVSCIYGTQTFYNAGIIYVEANHSVPAGGCKKLVLAMTAVYYSSWLSYPILFILGPEGFGVLSPYANSIGHSICDIIAKEFWTFLAHFLRIKIHEHILIHGDIRKTTKMEIGGEEVEVEEFVEEE,-0.660685362898,-3.68646813135,1,1.0,-1.0,-1.0,-1.0,1,-1,-1,-1
166,n101,0.344647364883,0.13513312011,0.0108490844066,0.00284414780236,0.78584646288,0.164455317502,0.0288215016216,0.00713142230655,0.0360716594397,0.00706521758079,0.0574263275719,0.0201485641959,0.00108873257896,2000212112,1,GFDELAKGAVVPEDHFVCGPA-DKCYCSAWLHSRGALWEQETARGFQWFAVFLSALFLAFYGWHAYKASVGWEEVYVCSVELIKVILEIYFEFTSPATVYLSNGNHAYWLRYAEWLLTCPVILIHLSNLSGLSEAYNKRTMGLLVSDIGTIVWGTTAALSKGYVRVIFFLMGLCYGGYMYFQAAKCYVEANHSVPKGRCRQVVTGMAWLFFVSWGMFPILWAVGPEGLLKLSVAGSTIGHTIADLLSKNIWGLLGHYLRVLIHEHILIHGDIRKTTKMEIGGEEVEVEEFVEEE,-0.240993845482,-3.54663358631,1,1.0,-1.0,-1.0,-1.0,1,-1,-1,-1
